Tên sản phẩm,Tên cửa hàng,Currency,Giá,Điểm đánh giá trung bình,Lượt đánh giá,Category
Foil Mandala Graphic Tee,adidas,VND,500000.0,4.5,8.0,Khác
FARM Rio Print Relaxed Lightweight Windbreaker,adidas,VND,1300000.0,4.8,43.0,Khác
Adilette Comfort Slides,adidas,VND,600000.0,4.8,84.0,Khác
Santiago Lunch Bag,adidas,VND,500000.0,5.0,51.0,Túi
Club Tennis 3-Stripes Tee,adidas,VND,800000.0,4.8,39.0,Khác
Cloudfoam Pure 2.0  Shoes,adidas,VND,1400000.0,4.4,594.0,Giày
Adilette Comfort Slides,adidas,VND,700000.0,4.7,3812.0,Khác
Designed to Move High-Rise Sport Zebra 7/8 Tights,adidas,VND,900000.0,3.7,20.0,Quần
Nike Dri-FIT,Nike,VND,700000.0,,,Khác
Cushioned X Mid-Crew Socks 3 Pairs,adidas,VND,375000.0,5.0,5.0,Tất
Originals Flex Shoes,adidas,VND,1400000.0,4.5,41.0,Giày
Air Jordan 1 Low SE,Nike,VND,2375000.0,,,Khác
adidas Sportswear Future Icons Logo Graphic Pants,adidas,VND,1100000.0,4.7,44.0,Quần
Supernova+ Shoes,adidas,VND,1800000.0,4.3,151.0,Giày
Puremotion Shoes,adidas,VND,1200000.0,4.9,18.0,Giày
Nizza Platform Shoes,adidas,VND,1150000.0,4.7,1599.0,Giày
Nike Air Force 1 LV8 Utility,Nike,VND,1924250.0,,,Khác
AEROREADY Designed to Move Sport Motion Logo Tee,adidas,VND,525000.0,4.5,46.0,Khác
ZX 2K Shoes,adidas,VND,1200000.0,4.9,27.0,Giày
adidas Z.N.E. Sportswear Pants,adidas,VND,1500000.0,4.8,30.0,Quần
Indicator Jacket,adidas,VND,1000000.0,4.8,4.0,Khác
Classic 3-Stripes Swimsuit,adidas,VND,1000000.0,4.5,35.0,Khác
Crew Sweatshirt,adidas,VND,1400000.0,5.0,1.0,Áo
Vintage Airliner Luxe Shopper Bag,adidas,VND,1025000.0,4.7,132.0,Túi
HEAT.RDY Running Tank Top,adidas,VND,1025000.0,4.8,9.0,Khác
Air Jordan 1 Zoom CMFT,Nike,VND,3750000.0,4.8,120.0,Khác
Karlie Kloss Bikini Top,adidas,VND,875000.0,4.8,4.0,Khác
Jacquard Trefoil Crew Socks 2 Pairs,adidas,VND,300000.0,5.0,9.0,Tất
Nike Offline Pack,Nike,VND,2324250.0,4.8,5.0,Khác
Superstar Shoes,adidas,VND,1800000.0,4.8,1866.0,Giày
Air Jordan XXXV Low DS PF,Nike,VND,4125000.0,,,Khác
Runfalcon 2.0 Shoes,adidas,VND,900000.0,4.6,451.0,Giày
Brand Love Repeat Logo High-Waist Woven Pants,adidas,VND,900000.0,4.3,16.0,Quần
Solid Swim Shorts,adidas,VND,500000.0,4.6,70.0,Khác
Graphic Tee and Shorts Set,adidas,VND,650000.0,5.0,1.0,Bộ
X9000L4 Shoes,adidas,VND,2450000.0,4.5,21.0,Giày
Nike College (Georgia),Nike,VND,875000.0,,,Khác
ZX 2K Boost 2.0 Shoes,adidas,VND,2625000.0,4.7,58.0,Giày
X Ghosted.3 Laceless Firm Ground Cleats,adidas,VND,2000000.0,4.4,281.0,Khác
Grand Court SE Shoes,adidas,VND,1300000.0,4.8,165.0,Giày
Nike Dri-FIT Sideline Velocity Lockup (NFL Buffalo Bills),Nike,VND,1000000.0,,,Khác
Racer TR21 Shoes,adidas,VND,1500000.0,4.6,377.0,Giày
Kaptir Super Shoes,adidas,VND,1800000.0,4.2,319.0,Giày
Adicolor Essentials Trefoil Swim Shorts,adidas,VND,700000.0,4.8,23.0,Khác
Badge of Sport Classic Tee (Plus size),adidas,VND,500000.0,4.3,27.0,Khác
Essentials Loose Logo Tank Top,adidas,VND,500000.0,4.8,116.0,Khác
Brand Love Slanted Logo Boyfriend Tee,adidas,VND,575000.0,4.6,7.0,Khác
Response Super 2.0 Shoes,adidas,VND,2025000.0,4.5,94.0,Giày
Stretch Cotton Trunk Briefs 3 Pairs,adidas,VND,525000.0,4.4,9.0,Khác
Retrorun Shoes,adidas,VND,1300000.0,4.5,762.0,Giày
Hamburg Shoes,adidas,VND,1400000.0,4.8,29.0,Giày
AEROREADY Designed to Move Sport Motion Logo Hoodie,adidas,VND,1300000.0,4.8,89.0,Khác
Own the Run Long Sleeve Tee,adidas,VND,900000.0,4.7,350.0,Khác
ZX 2K Boost Shoes,adidas,VND,2625000.0,4.7,2540.0,Giày
Copa Sense.3 Turf Shoes,adidas,VND,1600000.0,4.3,106.0,Giày
Kaptir 2.0 Shoes,adidas,VND,1300000.0,4.7,41.0,Giày
Response Super 2.0 Shoes,adidas,VND,1575000.0,4.2,38.0,Giày
Nike Therma City Connect (MLB Boston Red Sox),Nike,VND,2000000.0,,,Khác
HER Studio London Adilette Slides,adidas,VND,800000.0,4.4,207.0,Khác
adidas Sportswear Future Icons 3-Stripes Pants,adidas,VND,1100000.0,4.7,54.0,Quần
adidas Sportswear Seasonals Stadium Sweatshirt,adidas,VND,1050000.0,4.5,2.0,Áo
Racer TR21 Shoes,adidas,VND,1325000.0,4.8,78.0,Giày
Marimekko Adilette Slides,adidas,VND,800000.0,4.4,207.0,Khác
adidas x Zoe Saldana AEROREADY Sport Tee,adidas,VND,600000.0,5.0,6.0,Khác
Nike College Dri-FIT Coach (Duke),Nike,VND,1125000.0,,,Khác
AEROREADY  Designed to Move Sport Camo-Print Shorts,adidas,VND,600000.0,4.8,157.0,Khác
Terrex Trailmaker Hiking Shoes,adidas,VND,1150000.0,4.7,31.0,Giày
ZX 1K Boost Shoes,adidas,VND,2250000.0,3.9,515.0,Giày
Swift Run X Shoes,adidas,VND,1100000.0,5.0,6.0,Giày
FortaRun Lace Running Shoes,adidas,VND,1100000.0,4.7,104.0,Giày
Supernova+ Shoes,adidas,VND,2100000.0,4.5,275.0,Giày
ZX 1K Shoes,adidas,VND,1150000.0,4.7,17.0,Giày
adidas x Zoe Saldana Crop Logo Tee (Plus Size),adidas,VND,650000.0,4.4,10.0,Khác
Nike Sportswear,Nike,VND,874250.0,,,Khác
Ultraboost DNA 1.0 Shoes,adidas,VND,3600000.0,4.8,584.0,Giày
Marathon Running Jacket (Plus Size),adidas,VND,2000000.0,4.3,3.0,Khác
VFA Backpack,adidas,VND,1000000.0,4.9,76.0,Balo/Cặp
adidas Sportswear Seasonals Stadium Shorts,adidas,VND,800000.0,4.6,8.0,Khác
Lil Stripe Ignite SZN Hoodie,adidas,VND,1225000.0,5.0,2.0,Khác
Split Hoodie,adidas,VND,1400000.0,4.8,32.0,Khác
ZX 1K Boost Shoes,adidas,VND,1750000.0,4.2,77.0,Giày
Adilette Clogs,adidas,VND,1025000.0,4.6,2005.0,Khác
Long Sleeve Dress,adidas,VND,1400000.0,5.0,1.0,Váy
Lite Racer BYD 2.0 Shoes,adidas,VND,1400000.0,4.6,135.0,Giày
MLB Houston Astros,Nike,VND,2875000.0,4.8,5.0,Khác
3-Stripes Crew Socks 3 Pairs,adidas,VND,300000.0,5.0,2.0,Tất
adidas Superstar x LEGO® Shoes,adidas,VND,1600000.0,5.0,87.0,Giày
Stan Smith Shoes,adidas,VND,1575000.0,4.6,1841.0,Giày
adidas Sportswear Future Icons Hoodie,adidas,VND,1150000.0,4.6,14.0,Khác
adidas Sportswear Comfy & Chill Full Zip Hoodie,adidas,VND,1400000.0,4.2,32.0,Khác
