Tên sản phẩm,Tên cửa hàng,Giá,Thương hiệu,Lượt đánh giá,Điểm đánh giá trung bình,Số lượng đã bán,Category,Currency,Cluster,Cluster Name
"váy trễ vai trắng tay bồng dáng dài, đầm trễ vai tiểu thư dự tiệc màu trắng điệu đà",Thời trang Jellystore,90000.0,OEM,63.0,4.5,124.0,Váy,VND,0,Sản phẩm cao cấp (ít phổ biến)
Balo Nam Nữ Thời Trang HARAS HR270,HARASMALL,139000.0,HARAS,60.0,4.3,157.0,Balo/Cặp,VND,0,Sản phẩm cao cấp (ít phổ biến)
Áo Thun Mini | Kẻ Sọc,UNIQLO,293000.0,UNIQLO,122.0,4.88,0.0,Áo,VND,0,Sản phẩm cao cấp (ít phổ biến)
Áo Giả Lông Cừu Đan Len Mềm Cổ Tròn,UNIQLO,391000.0,UNIQLO,115.0,4.9,0.0,Áo,VND,0,Sản phẩm cao cấp (ít phổ biến)
Áo Thun Vải Cotton Mềm Dáng Relax | Kẻ Sọc,UNIQLO,391000.0,UNIQLO,65.0,4.82,0.0,Áo,VND,0,Sản phẩm cao cấp (ít phổ biến)
Áo Thun Vải Pointelle | Cổ Henley,UNIQLO,293000.0,UNIQLO,104.0,4.88,0.0,Áo,VND,0,Sản phẩm cao cấp (ít phổ biến)
HEATTECH Extra Warm Cotton Áo Giữ Nhiệt | Cổ Tròn,UNIQLO,489000.0,UNIQLO,72.0,4.88,0.0,Áo,VND,0,Sản phẩm cao cấp (ít phổ biến)
Áo Thun Gân Mềm Cổ Tròn | Kẻ Sọc,UNIQLO,293000.0,UNIQLO,215.0,4.92,0.0,Áo,VND,0,Sản phẩm cao cấp (ít phổ biến)
Áo Thun Gân Mềm Cổ Tròn,UNIQLO,293000.0,UNIQLO,314.0,4.89,0.0,Áo,VND,0,Sản phẩm cao cấp (ít phổ biến)
HEATTECH Áo Giữ Nhiệt Giả Lông Cừu | Cổ Lọ,UNIQLO,391000.0,UNIQLO,506.0,4.85,0.0,Áo,VND,0,Sản phẩm cao cấp (ít phổ biến)
Áo Polo Vải Dry Pique | Tipping,UNIQLO,489000.0,UNIQLO,150.0,4.89,0.0,Áo,VND,0,Sản phẩm cao cấp (ít phổ biến)
Áo Polo Vải Dry Pique | Kẻ Sọc,UNIQLO,489000.0,UNIQLO,88.0,4.86,0.0,Áo,VND,0,Sản phẩm cao cấp (ít phổ biến)
AIRism Cotton Áo Polo Vải Gân,UNIQLO,489000.0,UNIQLO,203.0,4.86,0.0,Áo,VND,0,Sản phẩm cao cấp (ít phổ biến)
Áo Polo Dệt Kim Vải Gân Có Thể Giặt Máy,UNIQLO,588000.0,UNIQLO,112.0,4.95,0.0,Áo,VND,0,Sản phẩm cao cấp (ít phổ biến)
AIRism Cotton Áo Thun,UNIQLO,489000.0,UNIQLO,298.0,4.79,0.0,Áo,VND,0,Sản phẩm cao cấp (ít phổ biến)
Áo Bra Top Dáng Lửng | Ringer,UNIQLO,489000.0,UNIQLO,161.0,4.92,0.0,Áo,VND,0,Sản phẩm cao cấp (ít phổ biến)
Áo Bra Top Dáng Lửng | Kẻ Sọc,UNIQLO,489000.0,UNIQLO,245.0,4.88,0.0,Áo,VND,0,Sản phẩm cao cấp (ít phổ biến)
Áo Bra Top Cổ Yếm | Kẻ Sọc,UNIQLO,489000.0,UNIQLO,86.0,4.91,0.0,Áo,VND,0,Sản phẩm cao cấp (ít phổ biến)
AIRism Cotton Áo Bra Quây Dáng Ngắn,UNIQLO,489000.0,UNIQLO,336.0,4.82,0.0,Áo,VND,0,Sản phẩm cao cấp (ít phổ biến)
AIRism Áo Bra Hai Dây,UNIQLO,489000.0,UNIQLO,264.0,4.9,0.0,Áo,VND,0,Sản phẩm cao cấp (ít phổ biến)
Áo Thun Bra Vải Gân Dáng Ngắn Cổ Vuông,UNIQLO,489000.0,UNIQLO,179.0,4.85,0.0,Áo,VND,0,Sản phẩm cao cấp (ít phổ biến)
UT Harry Potter Áo Thun Ngắn Tay (Hufflepuff),UNIQLO,391000.0,UNIQLO,66.0,4.94,0.0,Áo,VND,0,Sản phẩm cao cấp (ít phổ biến)
UT Harry Potter Áo Thun Ngắn Tay (Slytherin),UNIQLO,391000.0,UNIQLO,71.0,4.94,0.0,Áo,VND,0,Sản phẩm cao cấp (ít phổ biến)
Áo Len Dệt 3D Vải Cotton Cổ Tròn | Kẻ Sọc,UNIQLO,686000.0,UNIQLO,70.0,4.91,0.0,Áo,VND,0,Sản phẩm cao cấp (ít phổ biến)
Áo Len Dệt 3D Vải Cotton Cổ Tròn,UNIQLO,686000.0,UNIQLO,137.0,4.7,0.0,Áo,VND,0,Sản phẩm cao cấp (ít phổ biến)
Áo Len Cardigan Sợi Souffle Dáng Ngắn | Cổ V | Kẻ Sọc,UNIQLO,686000.0,UNIQLO,77.0,4.95,0.0,Áo,VND,0,Sản phẩm cao cấp (ít phổ biến)
Áo Cardigan Chống UV Cổ Tròn | Chống Nắng | Kẻ Sọc,UNIQLO,489000.0,UNIQLO,66.0,4.89,0.0,Áo,VND,0,Sản phẩm cao cấp (ít phổ biến)
Áo Cardigan Chống UV Cổ Tròn,UNIQLO,489000.0,UNIQLO,174.0,4.86,0.0,Áo,VND,0,Sản phẩm cao cấp (ít phổ biến)
Áo Kiểu Vải Rayon,UNIQLO,588000.0,UNIQLO,71.0,4.77,0.0,Áo,VND,0,Sản phẩm cao cấp (ít phổ biến)
Áo Kiểu Vải Rayon Cổ Mở | Tay 3/4,UNIQLO,588000.0,UNIQLO,82.0,4.87,0.0,Áo,VND,0,Sản phẩm cao cấp (ít phổ biến)
Áo Kiểu Vải Rayon Cổ Mở | Tay 3/4 | Kẻ Sọc,UNIQLO,588000.0,UNIQLO,78.0,4.69,0.0,Áo,VND,0,Sản phẩm cao cấp (ít phổ biến)
Áo Kiểu Vải Rayon,UNIQLO,489000.0,UNIQLO,302.0,4.86,0.0,Áo,VND,0,Sản phẩm cao cấp (ít phổ biến)
Quần Cotton Dáng Relax Dài Đến Mắt Cá | Denim,UNIQLO,489000.0,UNIQLO,195.0,4.92,0.0,Quần,VND,0,Sản phẩm cao cấp (ít phổ biến)
Quần Dài Vải Crepe Jersey Ống Suông,UNIQLO,588000.0,UNIQLO,60.0,4.83,0.0,Quần,VND,0,Sản phẩm cao cấp (ít phổ biến)
Quần Dài Vải Linen Pha,UNIQLO,489000.0,UNIQLO,183.0,4.92,0.0,Quần,VND,0,Sản phẩm cao cấp (ít phổ biến)
Quần Dệt Kim Vải Gân Có Thể Giặt Máy,UNIQLO,489000.0,UNIQLO,84.0,4.74,0.0,Quần,VND,0,Sản phẩm cao cấp (ít phổ biến)
Quần Dài Vải Dạ,UNIQLO,489000.0,UNIQLO,184.0,4.92,0.0,Quần,VND,0,Sản phẩm cao cấp (ít phổ biến)
Quần Cotton Easy Shorts | Kẻ Sọc,UNIQLO,391000.0,UNIQLO,74.0,4.84,0.0,Quần,VND,0,Sản phẩm cao cấp (ít phổ biến)
Quần Easy Short,UNIQLO,391000.0,UNIQLO,364.0,4.87,0.0,Quần,VND,0,Sản phẩm cao cấp (ít phổ biến)
Quần Easy Short Vải Cotton,UNIQLO,391000.0,UNIQLO,355.0,4.84,0.0,Quần,VND,0,Sản phẩm cao cấp (ít phổ biến)
Quần Easy Túi Hộp Vải Jersey,UNIQLO,588000.0,UNIQLO,75.0,4.89,0.0,Quần,VND,0,Sản phẩm cao cấp (ít phổ biến)
Quần Nỉ Dry Dáng Rộng,UNIQLO,686000.0,UNIQLO,61.0,4.97,0.0,Quần,VND,0,Sản phẩm cao cấp (ít phổ biến)
Quần Short Vải Linen Cotton,UNIQLO,588000.0,UNIQLO,247.0,4.88,0.0,Quần,VND,0,Sản phẩm cao cấp (ít phổ biến)
Quần Easy Shorts Co Giãn | Vải Sọc Nhăn,UNIQLO,391000.0,UNIQLO,72.0,4.94,0.0,Quần,VND,0,Sản phẩm cao cấp (ít phổ biến)
AIRism Quần Leggings Siêu Co Giãn (Chống Nắng),UNIQLO,588000.0,UNIQLO,171.0,4.88,0.0,Quần,VND,0,Sản phẩm cao cấp (ít phổ biến)
Quần Leggings Siêu Co Giãn | Denim,UNIQLO,489000.0,UNIQLO,70.0,4.79,0.0,Quần,VND,0,Sản phẩm cao cấp (ít phổ biến)
Quần Leggings Siêu Co Giãn,UNIQLO,489000.0,UNIQLO,117.0,4.86,0.0,Quần,VND,0,Sản phẩm cao cấp (ít phổ biến)
AIRism Cotton Đầm Thun,UNIQLO,588000.0,UNIQLO,226.0,4.9,0.0,Đầm,VND,0,Sản phẩm cao cấp (ít phổ biến)
DRY-EX Áo Thun Cổ Tròn,UNIQLO,391000.0,UNIQLO,242.0,4.79,0.0,Áo,VND,0,Sản phẩm cao cấp (ít phổ biến)
Tất Cổ Ngắn | 3 Đôi | Thể Thao | Lót Lông,UNIQLO,244000.0,UNIQLO,75.0,4.92,0.0,Tất,VND,0,Sản phẩm cao cấp (ít phổ biến)
Tất Ẩn | 3 Đôi | Thể Thao,UNIQLO,244000.0,UNIQLO,64.0,4.92,0.0,Tất,VND,0,Sản phẩm cao cấp (ít phổ biến)
AIRism Găng Tay Chống UV Không Đường May (Chống Nắng),UNIQLO,244000.0,UNIQLO,103.0,4.83,0.0,Găng Tay,VND,0,Sản phẩm cao cấp (ít phổ biến)
AIRism Áo Hai Dây,UNIQLO,244000.0,UNIQLO,74.0,4.81,0.0,Áo,VND,0,Sản phẩm cao cấp (ít phổ biến)
HEATTECH Áo Thun Giữ Nhiệt,UNIQLO,293000.0,UNIQLO,369.0,4.89,0.0,Áo,VND,0,Sản phẩm cao cấp (ít phổ biến)
HEATTECH Ultra Warm Áo Giữ Nhiệt | Cổ Cao,UNIQLO,588000.0,UNIQLO,183.0,4.85,0.0,Áo,VND,0,Sản phẩm cao cấp (ít phổ biến)
Áo Ngực Không Gọng | Relax | Cổ Rộng,UNIQLO,489000.0,UNIQLO,154.0,4.92,0.0,Áo,VND,0,Sản phẩm cao cấp (ít phổ biến)
Áo Ngực Không Gọng | Ren Co Giãn,UNIQLO,489000.0,UNIQLO,230.0,4.82,0.0,Áo,VND,0,Sản phẩm cao cấp (ít phổ biến)
Quần Lót | Cạp Cao,UNIQLO,146000.0,UNIQLO,231.0,4.84,0.0,Quần,VND,0,Sản phẩm cao cấp (ít phổ biến)
Tất Ẩn | 3 Đôi | Lót Lông,UNIQLO,244000.0,UNIQLO,82.0,4.85,0.0,Tất,VND,0,Sản phẩm cao cấp (ít phổ biến)
KAWS + Warhol Tất,UNIQLO,97000.0,UNIQLO,61.0,4.84,0.0,Tất,VND,0,Sản phẩm cao cấp (ít phổ biến)
Quần Easy Vải Dạ Mềm,UNIQLO,489000.0,UNIQLO,137.0,4.89,0.0,Quần,VND,0,Sản phẩm cao cấp (ít phổ biến)
Túi Bán Nguyệt Đeo Chéo (Chần Bông),UNIQLO,391000.0,UNIQLO,213.0,4.91,0.0,Túi,VND,0,Sản phẩm cao cấp (ít phổ biến)
Mũ Bucket Chống UV (Chống Nắng),UNIQLO,489000.0,UNIQLO,67.0,4.87,0.0,Nón/Mũ,VND,0,Sản phẩm cao cấp (ít phổ biến)
Ô Nhỏ Gọn (Chống Nắng),UNIQLO,391000.0,UNIQLO,291.0,4.69,0.0,Khác,VND,0,Sản phẩm cao cấp (ít phổ biến)
Áo Thun Dry Cổ Tròn Nhiều Màu,UNIQLO,146000.0,UNIQLO,556.0,4.84,0.0,Áo,VND,0,Sản phẩm cao cấp (ít phổ biến)
Áo Len Mềm Giả Lông Cừu Cổ Tròn,UNIQLO,489000.0,UNIQLO,109.0,4.96,0.0,Áo,VND,0,Sản phẩm cao cấp (ít phổ biến)
Áo Thun Soft Brushed Cổ Tròn,UNIQLO,391000.0,UNIQLO,353.0,4.88,0.0,Áo,VND,0,Sản phẩm cao cấp (ít phổ biến)
Áo Thun Vải Waffle,UNIQLO,489000.0,UNIQLO,260.0,4.88,0.0,Áo,VND,0,Sản phẩm cao cấp (ít phổ biến)
DRY-EX Áo Thun Cổ Tròn,UNIQLO,391000.0,UNIQLO,113.0,4.69,0.0,Áo,VND,0,Sản phẩm cao cấp (ít phổ biến)
DRY-EX Áo Thun Cổ Tròn,UNIQLO,391000.0,UNIQLO,87.0,4.8,0.0,Áo,VND,0,Sản phẩm cao cấp (ít phổ biến)
UT KAWS + Warhol Áo Thun,UNIQLO,391000.0,UNIQLO,88.0,4.91,0.0,Áo,VND,0,Sản phẩm cao cấp (ít phổ biến)
UT KAWS + Warhol Áo Thun,UNIQLO,391000.0,UNIQLO,98.0,4.92,0.0,Áo,VND,0,Sản phẩm cao cấp (ít phổ biến)
UT NYC POP ICONS Áo Thun Ngắn Tay (Basquiat),UNIQLO,391000.0,UNIQLO,101.0,4.89,0.0,Áo,VND,0,Sản phẩm cao cấp (ít phổ biến)
Ukiyoe Archive UT Áo Thun Ngắn Tay,UNIQLO,391000.0,UNIQLO,68.0,4.87,0.0,Áo,VND,0,Sản phẩm cao cấp (ít phổ biến)
Áo Sơ Mi Vải Oxford Dáng Ôm | Kẻ Sọc,UNIQLO,588000.0,UNIQLO,79.0,4.76,0.0,Áo,VND,0,Sản phẩm cao cấp (ít phổ biến)
Áo Sơ Mi Vải Oxford Dáng Ôm,UNIQLO,588000.0,UNIQLO,100.0,4.84,0.0,Áo,VND,0,Sản phẩm cao cấp (ít phổ biến)
Áo Sơ Mi Broadcloth | Button Down | Kẻ Sọc,UNIQLO,588000.0,UNIQLO,61.0,4.92,0.0,Áo,VND,0,Sản phẩm cao cấp (ít phổ biến)
Áo Sơ Mi Broadcloth | Button Down,UNIQLO,588000.0,UNIQLO,137.0,4.69,0.0,Áo,VND,0,Sản phẩm cao cấp (ít phổ biến)
Áo Sơ Mi Vải Cotton Linen | Cổ Trụ,UNIQLO,588000.0,UNIQLO,86.0,4.87,0.0,Áo,VND,0,Sản phẩm cao cấp (ít phổ biến)
Áo Sơ Mi Vải Cotton Modal | Cổ Mở,UNIQLO,588000.0,UNIQLO,248.0,4.86,0.0,Áo,VND,0,Sản phẩm cao cấp (ít phổ biến)
DRY-EX Áo Polo,UNIQLO,489000.0,UNIQLO,153.0,4.62,0.0,Áo,VND,0,Sản phẩm cao cấp (ít phổ biến)
AIRism Cotton Áo Polo | Gài Nút,UNIQLO,489000.0,UNIQLO,247.0,4.91,0.0,Áo,VND,0,Sản phẩm cao cấp (ít phổ biến)
AIRism Cotton Áo Polo | Gài Nút,UNIQLO,489000.0,UNIQLO,208.0,4.81,0.0,Áo,VND,0,Sản phẩm cao cấp (ít phổ biến)
AIRism Cotton Áo Polo Vải Jersey | Cổ Mở,UNIQLO,489000.0,UNIQLO,199.0,4.86,0.0,Áo,VND,0,Sản phẩm cao cấp (ít phổ biến)
AIRism Cotton Áo Polo | Gài Nút,UNIQLO,489000.0,UNIQLO,182.0,4.8,0.0,Áo,VND,0,Sản phẩm cao cấp (ít phổ biến)
Quần Cotton Dài Đến Mắt Cá | Vải Denim,UNIQLO,588000.0,UNIQLO,151.0,4.91,0.0,Quần,VND,0,Sản phẩm cao cấp (ít phổ biến)
Quần Jogger Dài Vải Washed Jersey,UNIQLO,588000.0,UNIQLO,85.0,4.82,0.0,Quần,VND,0,Sản phẩm cao cấp (ít phổ biến)
Quần Dry Easy Short Co Giãn,UNIQLO,391000.0,UNIQLO,456.0,4.9,0.0,Quần,VND,0,Sản phẩm cao cấp (ít phổ biến)
Quần Shorts Gear,UNIQLO,588000.0,UNIQLO,86.0,4.9,0.0,Quần,VND,0,Sản phẩm cao cấp (ít phổ biến)
DRY-EX Quần Short Siêu Co Giãn,UNIQLO,489000.0,UNIQLO,346.0,4.88,0.0,Quần,VND,0,Sản phẩm cao cấp (ít phổ biến)
Tất Cổ Ngắn | Thể Thao | Lót Lông,UNIQLO,97000.0,UNIQLO,107.0,4.84,0.0,Tất,VND,0,Sản phẩm cao cấp (ít phổ biến)
HEATTECH Quần Tất Giữ Nhiệt,UNIQLO,293000.0,UNIQLO,92.0,4.86,0.0,Quần,VND,0,Sản phẩm cao cấp (ít phổ biến)
HEATTECH Áo Giữ Nhiệt,UNIQLO,293000.0,UNIQLO,122.0,4.89,0.0,Áo,VND,0,Sản phẩm cao cấp (ít phổ biến)
HEATTECH Extra Warm Cotton Quần Tất Giữ Nhiệt,UNIQLO,489000.0,UNIQLO,174.0,4.87,0.0,Quần,VND,0,Sản phẩm cao cấp (ít phổ biến)
HEATTECH Extra Warm Cotton Áo Giữ Nhiệt,UNIQLO,489000.0,UNIQLO,332.0,4.86,0.0,Áo,VND,0,Sản phẩm cao cấp (ít phổ biến)
HEATTECH Ultra Warm Quần Tất Giữ Nhiệt,UNIQLO,588000.0,UNIQLO,141.0,4.87,0.0,Quần,VND,0,Sản phẩm cao cấp (ít phổ biến)
HEATTECH Ultra Warm Áo Giữ Nhiệt | Cổ Tròn,UNIQLO,588000.0,UNIQLO,230.0,4.9,0.0,Áo,VND,0,Sản phẩm cao cấp (ít phổ biến)
Quần Lót Boxer Brief,UNIQLO,146000.0,UNIQLO,108.0,4.94,0.0,Quần,VND,0,Sản phẩm cao cấp (ít phổ biến)
Quần Trunks | Broadcloth,UNIQLO,146000.0,UNIQLO,117.0,4.75,0.0,Quần,VND,0,Sản phẩm cao cấp (ít phổ biến)
AIRism Quần Lót Boxer Brief,UNIQLO,244000.0,UNIQLO,159.0,4.92,0.0,Quần,VND,0,Sản phẩm cao cấp (ít phổ biến)
AIRism Quần Lót Boxer Brief | Cạp Thấp,UNIQLO,244000.0,UNIQLO,66.0,4.83,0.0,Quần,VND,0,Sản phẩm cao cấp (ít phổ biến)
AIRism Quần Lót Boxer Briefs Không Đường May,UNIQLO,244000.0,UNIQLO,368.0,4.83,0.0,Quần,VND,0,Sản phẩm cao cấp (ít phổ biến)
Quần Lót Dáng Trunk Dệt In Hình,UNIQLO,146000.0,UNIQLO,98.0,4.77,0.0,Quần,VND,0,Sản phẩm cao cấp (ít phổ biến)
AIRism Cotton Áo Thun Cổ Tròn,UNIQLO,244000.0,UNIQLO,459.0,4.83,0.0,Áo,VND,0,Sản phẩm cao cấp (ít phổ biến)
AIRism Áo Thun | Cổ Tròn,UNIQLO,244000.0,UNIQLO,275.0,4.74,0.0,Áo,VND,0,Sản phẩm cao cấp (ít phổ biến)
AIRism Áo Thun | Cổ V,UNIQLO,244000.0,UNIQLO,129.0,4.78,0.0,Áo,VND,0,Sản phẩm cao cấp (ít phổ biến)
AIRism Áo Ba Lỗ Vải Mắt Lưới,UNIQLO,244000.0,UNIQLO,92.0,4.78,0.0,Áo,VND,0,Sản phẩm cao cấp (ít phổ biến)
AIRism Quần Lót Boxer Không Đường May,UNIQLO,244000.0,UNIQLO,112.0,4.76,0.0,Quần,VND,0,Sản phẩm cao cấp (ít phổ biến)
AIRism Quần Lót Boxer Không Đường May,UNIQLO,244000.0,UNIQLO,187.0,4.78,0.0,Quần,VND,0,Sản phẩm cao cấp (ít phổ biến)
Tất Cổ Thấp | Lót Lông,UNIQLO,97000.0,UNIQLO,213.0,4.91,0.0,Tất,VND,0,Sản phẩm cao cấp (ít phổ biến)
Tất Cổ Ngắn | Vải Mắt Lưới | Họa Tiết,UNIQLO,97000.0,UNIQLO,113.0,4.86,0.0,Tất,VND,0,Sản phẩm cao cấp (ít phổ biến)
SUPIMA COTTON Tất | Wide Ribbed,UNIQLO,97000.0,UNIQLO,86.0,4.9,0.0,Tất,VND,0,Sản phẩm cao cấp (ít phổ biến)
SUPIMA COTTON Tất | Vải Pique,UNIQLO,97000.0,UNIQLO,87.0,4.86,0.0,Tất,VND,0,Sản phẩm cao cấp (ít phổ biến)
Tất Nhiều Màu,UNIQLO,77000.0,UNIQLO,313.0,4.89,0.0,Tất,VND,0,Sản phẩm cao cấp (ít phổ biến)
Túi Vải Tái Chế (Cotton),UNIQLO,57000.0,UNIQLO,142.0,4.94,0.0,Túi,VND,0,Sản phẩm cao cấp (ít phổ biến)
Túi Quà Tặng,UNIQLO,77000.0,UNIQLO,234.0,4.92,0.0,Túi,VND,0,Sản phẩm cao cấp (ít phổ biến)
Áo Hoodie Vải Nỉ Dry Siêu Co Giãn Kéo Khóa,UNIQLO,489000.0,UNIQLO,128.0,4.95,0.0,Áo,VND,0,Sản phẩm cao cấp (ít phổ biến)
AIRism Áo Khoác Chống UV Vải Mắt Lưới,UNIQLO,489000.0,UNIQLO,72.0,4.94,0.0,Áo,VND,0,Sản phẩm cao cấp (ít phổ biến)
Áo Khoác Giả Lông Cừu Loại Dày Kéo Khóa,UNIQLO,489000.0,UNIQLO,198.0,4.89,0.0,Áo,VND,0,Sản phẩm cao cấp (ít phổ biến)
AIRism Cotton Áo Thun In Họa Tiết | Raglan,UNIQLO,244000.0,UNIQLO,103.0,4.88,0.0,Áo,VND,0,Sản phẩm cao cấp (ít phổ biến)
AIRism Cotton Áo Thun Cổ Tròn | Kẻ Sọc,UNIQLO,244000.0,UNIQLO,107.0,4.95,0.0,Áo,VND,0,Sản phẩm cao cấp (ít phổ biến)
AIRism Cotton Áo Thun Cổ Tròn | Kẻ Sọc,UNIQLO,244000.0,UNIQLO,127.0,4.94,0.0,Áo,VND,0,Sản phẩm cao cấp (ít phổ biến)
AIRism Cotton Áo Thun Cổ Tròn,UNIQLO,244000.0,UNIQLO,452.0,4.92,0.0,Áo,VND,0,Sản phẩm cao cấp (ít phổ biến)
Quần Dài Parachute Túi Hộp (Cargo),UNIQLO,489000.0,UNIQLO,169.0,4.92,0.0,Quần,VND,0,Sản phẩm cao cấp (ít phổ biến)
Quần Jeans Dáng Rộng | Kéo Khóa,UNIQLO,489000.0,UNIQLO,98.0,4.94,0.0,Quần,VND,0,Sản phẩm cao cấp (ít phổ biến)
AIRism Quần Jogger Siêu Co Giãn,UNIQLO,391000.0,UNIQLO,81.0,4.98,0.0,Quần,VND,0,Sản phẩm cao cấp (ít phổ biến)
Quần Váy Dry Vải Nỉ,UNIQLO,391000.0,UNIQLO,162.0,4.98,0.0,Quần,VND,0,Sản phẩm cao cấp (ít phổ biến)
Quần Easy Short,UNIQLO,293000.0,UNIQLO,109.0,4.86,0.0,Quần,VND,0,Sản phẩm cao cấp (ít phổ biến)
AIRism Áo Bra,UNIQLO,391000.0,UNIQLO,302.0,4.92,0.0,Áo,VND,0,Sản phẩm cao cấp (ít phổ biến)
Quần Leggings | Vải Denim-like,UNIQLO,146000.0,UNIQLO,138.0,4.89,0.0,Quần,VND,0,Sản phẩm cao cấp (ít phổ biến)
Áo Polo Vải Len Dệt 3D,UNIQLO,588000.0,UNIQLO,106.0,4.81,0.0,Áo,VND,0,Sản phẩm cao cấp (ít phổ biến)
Adilette Comfort Slides,adidas,600000.0,adidas,84.0,4.8,0.0,Khác,VND,0,Sản phẩm cao cấp (ít phổ biến)
Solid Swim Shorts,adidas,500000.0,adidas,70.0,4.6,0.0,Khác,VND,0,Sản phẩm cao cấp (ít phổ biến)
Essentials Loose Logo Tank Top,adidas,500000.0,adidas,116.0,4.8,0.0,Khác,VND,0,Sản phẩm cao cấp (ít phổ biến)
AEROREADY  Designed to Move Sport Camo-Print Shorts,adidas,600000.0,adidas,157.0,4.8,0.0,Khác,VND,0,Sản phẩm cao cấp (ít phổ biến)
Đầm xòe nhún vai kết hạt trai thời trang a b c,THỜI TRANG TINA,99000.0,OEM,28.0,3.3,67.0,Đầm,VND,0,Sản phẩm cao cấp (ít phổ biến)
Đầm Xoè Nữ Tim Trắng cổ Bèo Cột Nơ Xoè Nhẹ Đuôi Cá Thời Trang,Mây Đầm Thiết Kế,220000.0,OEM,7.0,4.7,24.0,Đầm,VND,0,Sản phẩm cao cấp (ít phổ biến)
"Váy sơ mi nữ dáng dài chất liệu đũi mềm mát, thời trang hè nữ ARCTIC HUNTER AH162",Hai Fashion,299000.0,ARCTIC HUNTER,4.0,4.0,21.0,Áo,VND,0,Sản phẩm cao cấp (ít phổ biến)
"váy trễ vai trắng tay bồng dáng dài, đầm trễ vai tiểu thư dự tiệc màu trắng điệu đà",CỬA HÀNG LINH LINH,80000.0,OEM,43.0,4.5,135.0,Váy,VND,0,Sản phẩm cao cấp (ít phổ biến)
"Đầm xòe trắng dự tiệc cổ bẻ đính nút sang trọng, dáng đẹp GR186",Misa Fashion,165000.0,OEM,10.0,4.6,31.0,Đầm,VND,0,Sản phẩm cao cấp (ít phổ biến)
Đầm xòe đỏ kết hoa trắng-MS0605D,KHANH LINH STYLE,190000.0,KHANH LINH STYLE,21.0,4.8,78.0,Đầm,VND,0,Sản phẩm cao cấp (ít phổ biến)
Đầm nữ dự tiệc màu trắng dáng xòe cổ V,Mây Đầm Thiết Kế,300000.0,OEM,14.0,4.5,42.0,Đầm,VND,0,Sản phẩm cao cấp (ít phổ biến)
"váy trễ vai trắng tay bồng dáng dài, đầm trễ vai tiểu thư dự tiệc sang chảnh",SUZYVI,85000.0,OEM,35.0,5.0,51.0,Váy,VND,0,Sản phẩm cao cấp (ít phổ biến)
Đầm Midi Trắng Cổ Vuông Viền Ren Thanh Lịch Nữ Tính Tay Ngắn,Mây Đầm Thiết Kế,320000.0,OEM,4.0,4.8,21.0,Đầm,VND,0,Sản phẩm cao cấp (ít phổ biến)
"váy trễ vai trắng tay bồng dáng dài, đầm trễ vai tiểu thư dự tiệc màu trắng điệu đà",Vanvan,80000.0,OEM,18.0,4.6,40.0,Váy,VND,0,Sản phẩm cao cấp (ít phổ biến)
"Set váy yếm nữ 2 dây, đầm nữ dài maxi phối trắng dáng ulzang phong cách hàn quốc cá tính ( không kèm áo)",shop linh linh,92000.0,OEM,22.0,4.5,31.0,Áo,VND,0,Sản phẩm cao cấp (ít phổ biến)
"váy trễ vai trắng tay bồng dáng dài, đầm trễ vai tiểu thư dự tiệc sang chảnh",shop linh linh,79000.0,OEM,27.0,5.0,39.0,Váy,VND,0,Sản phẩm cao cấp (ít phổ biến)
Đầm Jean Nữ Thời Trang,THỜI TRANG TINA,188000.0,OEM,9.0,4.3,37.0,Đầm,VND,0,Sản phẩm cao cấp (ít phổ biến)
"Cắt May Thời Trang - Các Kiểu Váy, Áo, Thời Trang Nữ",Việt Thư Books,55500.0,OEM,13.0,4.8,89.0,Áo,VND,0,Sản phẩm cao cấp (ít phổ biến)
Áo kiểu bo eo thời trang,Thời Trang MYMYSHOP,169000.0,OEM,2.0,3.5,22.0,Áo,VND,0,Sản phẩm cao cấp (ít phổ biến)
Sét Đồ Bộ Nữ Thời Trang,THỜI TRANG TINA,99000.0,OEM,12.0,3.9,46.0,Bộ,VND,0,Sản phẩm cao cấp (ít phổ biến)
Áo Jean Liền Quần Thời Trang,THỜI TRANG TINA,195000.0,OEM,9.0,4.3,33.0,Áo,VND,0,Sản phẩm cao cấp (ít phổ biến)
Áo kiểu bo ly thời trang,Thời Trang MYMYSHOP,189000.0,OEM,12.0,4.1,42.0,Áo,VND,0,Sản phẩm cao cấp (ít phổ biến)
Chân váy Anni phối nút thời trang,Thời Trang MYMYSHOP,185000.0,OEM,10.0,4.2,130.0,Váy,VND,0,Sản phẩm cao cấp (ít phổ biến)
Balo Thời Trang Kết Hợp Túi Đeo Chéo Thời Trang HARAS HR278,HARASMALL,250000.0,HARAS,3.0,3.7,21.0,Túi,VND,0,Sản phẩm cao cấp (ít phổ biến)
"Mũ nón len bere nữ, Nón bere thời trang dn19111305",DONA Thời Trang,130000.0,OEM,4.0,4.3,24.0,Nón/Mũ,VND,0,Sản phẩm cao cấp (ít phổ biến)
Băng đô caro thời trang,AUCOSTA,38000.0,OEM,8.0,4.0,37.0,Khác,VND,0,Sản phẩm cao cấp (ít phổ biến)
Bộ Trang Sức Nữ Thời Trang sang chảnh,Lovelyladyshop,165000.0,OEM,5.0,4.6,21.0,Bộ,VND,0,Sản phẩm cao cấp (ít phổ biến)
Thời Trang Dự Tiệc - Barbie,Tiki Trading,28600.0,OEM,5.0,5.0,29.0,Khác,VND,0,Sản phẩm cao cấp (ít phổ biến)
Quần lót Nam Boxer thời trang,shopthoitranganhnguyen,99000.0,OEM,16.0,4.6,36.0,Quần,VND,0,Sản phẩm cao cấp (ít phổ biến)
Găng tay chống nắng thời trang,MrsTruongShop,10000.0,OEM,5.0,3.6,40.0,Găng Tay,VND,0,Sản phẩm cao cấp (ít phổ biến)
Áo Len Nữ Cổ Chui Thời Trang Mới Hàn Quốc ALN035 MayHomes Thời Trang Thu Đông,MAYHOMES Official Store,189050.0,MAYHOMES,24.0,4.8,100.0,Áo,VND,0,Sản phẩm cao cấp (ít phổ biến)
Hộp đựng mắt kính thời trang,shopthoitranganhnguyen,29000.0,OEM,27.0,4.7,86.0,Mắt Kính,VND,0,Sản phẩm cao cấp (ít phổ biến)
Balo nam thời trang cao cấp,Ananshop688,351000.0,ANANSHOP688,10.0,3.7,27.0,Balo/Cặp,VND,0,Sản phẩm cao cấp (ít phổ biến)
Áo đũi nam thời trang đẹp,SZone,89000.0,SZone,1.0,5.0,22.0,Áo,VND,0,Sản phẩm cao cấp (ít phổ biến)
NÓN MŨ LEN NAM THỜI TRANG HÀN QUỐC DN19112415,DONA Thời Trang,130000.0,OEM,14.0,4.3,116.0,Nón/Mũ,VND,0,Sản phẩm cao cấp (ít phổ biến)
Thời Trang Búp Bê (Tập 4),Nhà sách Fahasa,19800.0,OEM,9.0,4.1,53.0,Khác,VND,0,Sản phẩm cao cấp (ít phổ biến)
Ba lô nữ thời trang cao cấp,Ananshop688,383000.0,ANANSHOP688,24.0,4.5,71.0,Balo/Cặp,VND,0,Sản phẩm cao cấp (ít phổ biến)
NÓN LEN LÔNG THỎ THỜI TRANG HÀN QUỐC DN19122302,DONA Thời Trang,160000.0,OEM,7.0,4.3,21.0,Nón/Mũ,VND,0,Sản phẩm cao cấp (ít phổ biến)
Áo Khoác Jean Nữ Dài Tay Kèm Nón Thời Trang,THỜI TRANG TINA,219000.0,OEM,8.0,3.5,26.0,Áo,VND,0,Sản phẩm cao cấp (ít phổ biến)
NÓN MŨ LEN NAM THỜI TRANG HÀN QUỐC DN19112416,DONA Thời Trang,130000.0,OEM,17.0,4.7,79.0,Nón/Mũ,VND,0,Sản phẩm cao cấp (ít phổ biến)
Cặp công sở thời trang CAYUUMY06,LATA OFFICIAL,235000.0,YUUMY,22.0,4.8,80.0,Balo/Cặp,VND,0,Sản phẩm cao cấp (ít phổ biến)
Túi xách nữ thời trang cao cấp,Ananshop688,423000.0,ANANSHOP688,23.0,4.6,45.0,Túi,VND,0,Sản phẩm cao cấp (ít phổ biến)
"nón beret nữ, mũ beret nữ thời trang mới dn19110704",DONA Thời Trang,138000.0,OEM,11.0,4.6,42.0,Nón/Mũ,VND,0,Sản phẩm cao cấp (ít phổ biến)
Khăn lụa trang trí túi xách thời trang Yuumy YK1,LATA OFFICIAL,9000.0,YUUMY,2.0,5.0,50.0,Túi,VND,0,Sản phẩm cao cấp (ít phổ biến)
Áo Khoác Jean Nữ Tay Phối Nỉ Nón Trùm Thời Trang,THỜI TRANG TINA,185000.0,OEM,19.0,4.3,64.0,Áo,VND,0,Sản phẩm cao cấp (ít phổ biến)
Móc khóa thời trang YUUMY YMK7,LATA OFFICIAL,19000.0,YUUMY,10.0,5.0,41.0,Khác,VND,0,Sản phẩm cao cấp (ít phổ biến)
Túi xách nữ thời trang cao cấp,Ananshop688,327000.0,ANANSHOP688,16.0,4.5,53.0,Túi,VND,0,Sản phẩm cao cấp (ít phổ biến)
Hộp đựng đồng hồ da Thời trang,shopthoitranganhnguyen,75000.0,OEM,11.0,4.5,37.0,Đồng Hồ,VND,0,Sản phẩm cao cấp (ít phổ biến)
Túi xách nữ thời trang cao cấp,Ananshop688,441000.0,ANANSHOP688,13.0,4.7,25.0,Túi,VND,0,Sản phẩm cao cấp (ít phổ biến)
Cặp công sở thời trang CAYUUMY07,LATA OFFICIAL,235000.0,YUUMY,18.0,4.5,34.0,Balo/Cặp,VND,0,Sản phẩm cao cấp (ít phổ biến)
Móc khóa thời trang LATA MK6,LATA OFFICIAL,89000.0,Lata,15.0,5.0,76.0,Khác,VND,0,Sản phẩm cao cấp (ít phổ biến)
Balo Mini Thời Trang FALDO Luxury Bee,FALDO,97000.0,FALDO,19.0,4.3,123.0,Balo/Cặp,VND,0,Sản phẩm cao cấp (ít phổ biến)
Bộ Balo Thời Trang HARAS HR133083,HARASMALL,200000.0,HARAS,26.0,4.7,55.0,Balo/Cặp,VND,0,Sản phẩm cao cấp (ít phổ biến)
Ba Lô Thời Trang Hàn Quốc HR2038,HARASMALL,270000.0,HARAS,2.0,4.5,28.0,Balo/Cặp,VND,0,Sản phẩm cao cấp (ít phổ biến)
Thiết Kế Thời Trang Cho Búp Bê,Nhà sách Fahasa,66400.0,OEM,6.0,5.0,59.0,Khác,VND,0,Sản phẩm cao cấp (ít phổ biến)
Áo sơ mi nam sọc thời trang,SOMINAM,149000.0,OEM,10.0,3.4,30.0,Áo,VND,0,Sản phẩm cao cấp (ít phổ biến)
Ví Cầm Tay Thời Trang FALDO Chống Thấm Nước,FALDO,51000.0,FALDO,14.0,4.1,34.0,Túi,VND,0,Sản phẩm cao cấp (ít phổ biến)
Combo balo thời trang HARAS HR222,HARASMALL,250000.0,HARAS,2.0,4.0,44.0,Balo/Cặp,VND,0,Sản phẩm cao cấp (ít phổ biến)
Nón mũ len khăn choàng nam thời trang Hàn Quốc don22010402,DONA Thời Trang,164000.0,OEM,9.0,5.0,37.0,Nón/Mũ,VND,0,Sản phẩm cao cấp (ít phổ biến)
MŨ RỘNG VÀNH NỮ THỜI TRANG HÀN QUỐC - DN19VT0726,DONA Thời Trang,154000.0,OEM,7.0,4.0,27.0,Nón/Mũ,VND,0,Sản phẩm cao cấp (ít phổ biến)
Vòng Cổ Choker Tattoo V72 Thời Trang,Ant home,16000.0,Song An Eco,3.0,2.7,34.0,Vòng,VND,0,Sản phẩm cao cấp (ít phổ biến)
Ví nữ cầm tay chiếc lá thời trang,Balo Teen,75999.0,HAKI,3.0,3.3,41.0,Túi,VND,0,Sản phẩm cao cấp (ít phổ biến)
QUẦN TÂY NAM QUẦN ÂU NAM THỜI TRANG DN20010513,DONA Thời Trang,144000.0,OEM,12.0,3.9,37.0,Quần,VND,0,Sản phẩm cao cấp (ít phổ biến)
Balo Đeo Chéo Thời Trang Nam YBAC1,LATA OFFICIAL,189000.0,YUUMY,28.0,5.0,73.0,Balo/Cặp,VND,0,Sản phẩm cao cấp (ít phổ biến)
Giày Đi Mưa Thời Trang Nữ Cao Cấp,STORE HT,99000.0,HT Sports,12.0,4.8,43.0,Giày,VND,0,Sản phẩm cao cấp (ít phổ biến)
Túi đeo chéo thời trang BEE GEE 037,BEE GEE SHOP,65000.0,Bee Gee,6.0,4.3,115.0,Túi,VND,0,Sản phẩm cao cấp (ít phổ biến)
Túi xách nữ thời trang LATA TX09,LATA OFFICIAL,465000.0,Lata,2.0,5.0,23.0,Túi,VND,0,Sản phẩm cao cấp (ít phổ biến)
Cặp Công Sở Thời Trang Yuumy Cayuumy 02,LATA OFFICIAL,235000.0,YUUMY,8.0,4.5,29.0,Balo/Cặp,VND,0,Sản phẩm cao cấp (ít phổ biến)
Ba Lô Thời Trang Hàn Quốc HARAS HR0013,HARASMALL,190000.0,HARAS,6.0,3.0,120.0,Balo/Cặp,VND,0,Sản phẩm cao cấp (ít phổ biến)
Ví thời trang tiện ích HARAS HR274,HARASMALL,65000.0,HARAS,22.0,4.8,120.0,Túi,VND,0,Sản phẩm cao cấp (ít phổ biến)
Cặp công sở thời trang YUUMY CAYUUMY 11,LATA OFFICIAL,255000.0,YUUMY,12.0,4.6,28.0,Balo/Cặp,VND,0,Sản phẩm cao cấp (ít phổ biến)
Túi TOTE Thiết Kế Thời Trang Hàn Quốc,FALDO,89000.0,FALDO,5.0,4.8,48.0,Túi,VND,0,Sản phẩm cao cấp (ít phổ biến)
Túi du lịch thời trang YUUMY YMTR03,LATA OFFICIAL,400000.0,YUUMY,26.0,5.0,68.0,Túi,VND,0,Sản phẩm cao cấp (ít phổ biến)
Khăn choàng nữ thời trang cashmere HNS-10,HOANG NAM,89000.0,OEM,1.0,4.0,32.0,Khăn,VND,0,Sản phẩm cao cấp (ít phổ biến)
MŨ BẢO HIỂM 1/2_2022 THỜI TRANG,YAMAHA MOTOR VIỆT NAM,185613.0,Yamaha,12.0,5.0,47.0,Nón/Mũ,VND,0,Sản phẩm cao cấp (ít phổ biến)
Balo thời trang WIill mesh N1 Shalla,Shalla,48025.0,Shalla,3.0,4.3,37.0,Balo/Cặp,VND,0,Sản phẩm cao cấp (ít phổ biến)
Balo Du Lịch Thời Trang Uniex STARGO SELINA,SAKOS Official Store,299000.0,STARGO,12.0,4.5,46.0,Balo/Cặp,VND,0,Sản phẩm cao cấp (ít phổ biến)
Ba Lô Thời Trang Hàn Quốc HARAS HRTK232,HARASMALL,300000.0,HARAS,1.0,3.0,22.0,Balo/Cặp,VND,0,Sản phẩm cao cấp (ít phổ biến)
Khăn choàng nữ thời trang cashmere HNS-05,HOANG NAM,89000.0,OEM,6.0,5.0,31.0,Khăn,VND,0,Sản phẩm cao cấp (ít phổ biến)
Balo Đeo Chéo Thời Trang Nam YBAC2,LATA OFFICIAL,189000.0,YUUMY,25.0,5.0,69.0,Balo/Cặp,VND,0,Sản phẩm cao cấp (ít phổ biến)
Túi đeo chéo nam thời trang cao cấp ,Ananshop688,450000.0,ANANSHOP688,6.0,4.7,27.0,Túi,VND,0,Sản phẩm cao cấp (ít phổ biến)
Túi du lịch thời trang YUUMY YMTR04,LATA OFFICIAL,410000.0,YUUMY,22.0,4.6,42.0,Túi,VND,0,Sản phẩm cao cấp (ít phổ biến)
Kẹp Búi Tóc Lưới Thời Trang Cao Cấp,Vnhaxanh,54000.0,OEM,2.0,5.0,21.0,Phụ kiện,VND,0,Sản phẩm cao cấp (ít phổ biến)
Candy Book - Phong Cách Thời Trang Của Tôi,Tân Việt,52000.0,OEM,1.0,5.0,147.0,Khác,VND,0,Sản phẩm cao cấp (ít phổ biến)
Túi đeo chéo nam thời trang cao cấp,Ananshop688,315000.0,ANANSHOP688,14.0,4.1,33.0,Túi,VND,0,Sản phẩm cao cấp (ít phổ biến)
Áo len nữ thời trang chất dày mịn,Moon Fashion,149000.0,TAKIHA,1.0,4.0,23.0,Áo,VND,0,Sản phẩm cao cấp (ít phổ biến)
Balo Du Lịch Thời Trang Unisex STARGO LIGERO,SAKOS Official Store,440000.0,STARGO,7.0,4.6,54.0,Balo/Cặp,VND,0,Sản phẩm cao cấp (ít phổ biến)
Balo Thiết Kế Thời Trang Hàn Quốc FALDO,FALDO,193000.0,FALDO,14.0,4.3,38.0,Balo/Cặp,VND,0,Sản phẩm cao cấp (ít phổ biến)
NÓN BERE DA MŨ NỒI BERET NAM THỜI TRANG CHÂU ÂU - DONA21012802,DONA Thời Trang,114000.0,OEM,4.0,5.0,24.0,Nón/Mũ,VND,0,Sản phẩm cao cấp (ít phổ biến)
"Nón Đa năng, Tuban Mũ chụp Đầu thời trang Hàn Quốc  DONA20120202",DONA Thời Trang,124000.0,OEM,9.0,5.0,36.0,Nón/Mũ,VND,0,Sản phẩm cao cấp (ít phổ biến)
NÓN MŨ LEN BERE LÔNG THỎ CLASS THỜI TRANG HÀN QUỐC DN19111710,DONA Thời Trang,164000.0,OEM,5.0,2.0,23.0,Nón/Mũ,VND,0,Sản phẩm cao cấp (ít phổ biến)
Áo Vest Nam Thời Trang Phối Viền Túi Nhiều Màu AVNM01,Xưởng May Thời Trang Nguyễn Hùng,189000.0,HM VESTON,44.0,3.6,117.0,Áo,VND,0,Sản phẩm cao cấp (ít phổ biến)
Ba Lô Thời Trang Hàn Quốc HARAS HRTK206(ĐEN),HARASMALL,150000.0,HARAS,6.0,4.8,36.0,Balo/Cặp,VND,0,Sản phẩm cao cấp (ít phổ biến)
Đầm bầu đẹp - váy bầu xinh thời trang Hàn Quốc DN1907021A,DONA Thời Trang,154000.0,OEM,10.0,4.0,26.0,Váy,VND,0,Sản phẩm cao cấp (ít phổ biến)
Ba Lô Thời Trang Hàn Quốc HARAS HRTK213(Xám),HARASMALL,150000.0,HARAS,6.0,3.7,47.0,Balo/Cặp,VND,0,Sản phẩm cao cấp (ít phổ biến)
Ví Cầm Tay Unisex Thời Trang Đa Năng LATA VN32,LATA OFFICIAL,99000.0,Lata,10.0,4.5,144.0,Túi,VND,0,Sản phẩm cao cấp (ít phổ biến)
Áo len nữ thời trang kiểu dáng Hàn Quốc,Moon Fashion,149000.0,OEM,20.0,4.5,96.0,Áo,VND,0,Sản phẩm cao cấp (ít phổ biến)
Giày Sandal Cao Su Chống Nước Thời Trang Unisex,GiayLeSang,59000.0,Lê Sang,18.0,4.7,32.0,Giày,VND,0,Sản phẩm cao cấp (ít phổ biến)
MŨ BẢO HIỂM 1/2 THỜI TRANG KIỂU 1,YAMAHA MOTOR VIỆT NAM,185613.0,Yamaha,12.0,5.0,76.0,Nón/Mũ,VND,0,Sản phẩm cao cấp (ít phổ biến)
Túi xách du lịch thời trang HARAS HR230,HARASMALL,250000.0,HARAS,10.0,4.3,125.0,Túi,VND,0,Sản phẩm cao cấp (ít phổ biến)
Bộ balo túi xách nữ 3 món thời trang,Balo Teen,79000.0,HAKI,2.0,4.0,23.0,Túi,VND,0,Sản phẩm cao cấp (ít phổ biến)
Túi Du Lịch Mr Vui DL100 thời trang,Balonation,359550.0,Mr.vui,9.0,4.8,23.0,Túi,VND,0,Sản phẩm cao cấp (ít phổ biến)
Túi Xách Du Lịch Thời Trang HARAS HRTK219,HARASMALL,180000.0,HARAS,3.0,4.3,133.0,Túi,VND,0,Sản phẩm cao cấp (ít phổ biến)
"Găng tay chống nắng thời trang, chống nắng tốt",Group Case TTM,15000.0,OEM,11.0,4.5,78.0,Găng Tay,VND,0,Sản phẩm cao cấp (ít phổ biến)
Thắt Lưng Nữ Thời Trang Da PU Aaa Jeans,AAA Jeans,149000.0,AAA JEANS,28.0,5.0,114.0,Thắt Lưng,VND,0,Sản phẩm cao cấp (ít phổ biến)
Ví nam thời trang da thật LATA LVN59,LATA OFFICIAL,335000.0,Lata,7.0,5.0,25.0,Túi,VND,0,Sản phẩm cao cấp (ít phổ biến)
Balo Da Thời Trang Hàn Quốc HARAS HR271,HARASMALL,250000.0,HARAS,7.0,4.7,25.0,Balo/Cặp,VND,0,Sản phẩm cao cấp (ít phổ biến)
Khăn choàng nữ thời trang cao cấp HNS-08,HOANG NAM,129000.0,OEM,9.0,5.0,53.0,Khăn,VND,0,Sản phẩm cao cấp (ít phổ biến)
Áo Ba Lỗ Thời Trang Nam Owen LAW90836,AFAST VIỆT NAM,135000.0,Owen,4.0,5.0,26.0,Áo,VND,0,Sản phẩm cao cấp (ít phổ biến)
Túi Đeo Chéo Thời Trang Cao Cấp SAKOS VERAN,SAKOS Official Store,650070.0,Sakos,4.0,4.8,34.0,Túi,VND,0,Sản phẩm cao cấp (ít phổ biến)
Balo nữ thời trang cao cấp phong cách mới,Ananshop688,441000.0,ANANSHOP688,19.0,4.5,46.0,Balo/Cặp,VND,0,Sản phẩm cao cấp (ít phổ biến)
Khăn choàng cổ lụa thời trang cao cấp 25,MISA Shop,234000.0,OEM,5.0,5.0,27.0,Khăn,VND,0,Sản phẩm cao cấp (ít phổ biến)
Váy ngủ gợi cảm thời trang cổ chữ V,Beauty and Fashion,73500.0,OEM,4.0,4.8,23.0,Váy,VND,0,Sản phẩm cao cấp (ít phổ biến)
Túi xách nữ thời trang cong sở cao cấp,Ananshop688,387000.0,ANANSHOP688,7.0,4.3,27.0,Túi,VND,0,Sản phẩm cao cấp (ít phổ biến)
Đồng hồ Nam thời trang SKMEI 9069 - DHA014,hoangkim store1,249000.0,SKMEI,14.0,4.8,31.0,Đồng Hồ,VND,0,Sản phẩm cao cấp (ít phổ biến)
balo nữ thời trang cao cấp phong cách mới,Ananshop688,387000.0,ANANSHOP688,19.0,4.5,44.0,Balo/Cặp,VND,0,Sản phẩm cao cấp (ít phổ biến)
Dây đeo mắt kính đeo gọng kính thời trang,MUANHANH,98500.0,ROSAVAN,4.0,4.0,21.0,Mắt Kính,VND,0,Sản phẩm cao cấp (ít phổ biến)
Túi đeo chéo unisex thời trang HARAS HR276,HARASMALL,80000.0,HARAS,7.0,4.0,40.0,Túi,VND,0,Sản phẩm cao cấp (ít phổ biến)
Túi đeo chéo du lịch nam nữ thời trang,BEE GEE SHOP,89000.0,Bee Gee,2.0,2.0,26.0,Túi,VND,0,Sản phẩm cao cấp (ít phổ biến)
Khăn choàng nữ thời trang cao cấp HNS-02,HOANG NAM,129000.0,OEM,2.0,5.0,35.0,Khăn,VND,0,Sản phẩm cao cấp (ít phổ biến)
Balo UNISEX Thời Trang Hàn Quốc HARAS HR265,HARASMALL,300000.0,HARAS,4.0,4.8,23.0,Balo/Cặp,VND,0,Sản phẩm cao cấp (ít phổ biến)
Xe Đạp Thời Trang Dunlop Nam - Đỏ,Cửa Hàng Xe Đạp CT Bike,2760000.0,Dunlop,8.0,4.5,25.0,Khác,VND,1,Sản phẩm bình dân & phổ biến
Xe đạp thời trang Asama CLD SW 2702,Shopquyetnam,3960000.0,Asama,1.0,5.0,4.0,Khác,VND,1,Sản phẩm bình dân & phổ biến
Giày thời trang nam NIKE AIR MAX EXCEE,Tiki Trading,2089000.0,Nike,5.0,5.0,26.0,Giày,VND,1,Sản phẩm bình dân & phổ biến
Giày thời trang Nữ NIKE W KILLSHOT 2,Tiki Trading,2379000.0,Nike,1.0,5.0,1.0,Giày,VND,1,Sản phẩm bình dân & phổ biến
Seamless Down Áo Parka,UNIQLO,2944000.0,UNIQLO,12.0,4.58,0.0,Áo,VND,1,Sản phẩm bình dân & phổ biến
Seamless Down Áo Khoác | Có Mũ,UNIQLO,2944000.0,UNIQLO,13.0,4.62,0.0,Áo,VND,1,Sản phẩm bình dân & phổ biến
Áo Khóac Hybrid Down,UNIQLO,2944000.0,UNIQLO,8.0,5.0,0.0,Áo,VND,1,Sản phẩm bình dân & phổ biến
Air Jordan 1 Zoom CMFT,Nike,3750000.0,Nike,120.0,4.8,0.0,Khác,VND,1,Sản phẩm bình dân & phổ biến
Nike Offline Pack,Nike,2324250.0,Nike,5.0,4.8,0.0,Khác,VND,1,Sản phẩm bình dân & phổ biến
X9000L4 Shoes,adidas,2450000.0,adidas,21.0,4.5,0.0,Giày,VND,1,Sản phẩm bình dân & phổ biến
ZX 2K Boost 2.0 Shoes,adidas,2625000.0,adidas,58.0,4.7,0.0,Giày,VND,1,Sản phẩm bình dân & phổ biến
Response Super 2.0 Shoes,adidas,2025000.0,adidas,94.0,4.5,0.0,Giày,VND,1,Sản phẩm bình dân & phổ biến
ZX 2K Boost Shoes,adidas,2625000.0,adidas,2540.0,4.7,0.0,Giày,VND,1,Sản phẩm bình dân & phổ biến
ZX 1K Boost Shoes,adidas,2250000.0,adidas,515.0,3.9,0.0,Giày,VND,1,Sản phẩm bình dân & phổ biến
Supernova+ Shoes,adidas,2100000.0,adidas,275.0,4.5,0.0,Giày,VND,1,Sản phẩm bình dân & phổ biến
Ultraboost DNA 1.0 Shoes,adidas,3600000.0,adidas,584.0,4.8,0.0,Giày,VND,1,Sản phẩm bình dân & phổ biến
MLB Houston Astros,Nike,2875000.0,Nike,5.0,4.8,0.0,Khác,VND,1,Sản phẩm bình dân & phổ biến
AIRism Áo Hoodie Chống UV Vải Mắt Lưới Kéo Khóa,UNIQLO,686000.0,UNIQLO,1118.0,4.91,0.0,Áo,VND,1,Sản phẩm bình dân & phổ biến
AIRism Áo Thun Siêu Co Giãn Dáng Lửng,UNIQLO,293000.0,UNIQLO,1040.0,4.87,0.0,Áo,VND,1,Sản phẩm bình dân & phổ biến
Áo Thun Mini,UNIQLO,293000.0,UNIQLO,1328.0,4.89,0.0,Áo,VND,1,Sản phẩm bình dân & phổ biến
AIRism Cotton Áo Thun,UNIQLO,293000.0,UNIQLO,1132.0,4.89,0.0,Áo,VND,1,Sản phẩm bình dân & phổ biến
Áo Thun Cổ Tròn,UNIQLO,293000.0,UNIQLO,5194.0,4.88,0.0,Áo,VND,1,Sản phẩm bình dân & phổ biến
Áo Thun Vải Waffle Cổ Tròn,UNIQLO,391000.0,UNIQLO,668.0,4.87,0.0,Áo,VND,1,Sản phẩm bình dân & phổ biến
Áo Polo Vải Dry Pique,UNIQLO,489000.0,UNIQLO,1120.0,4.84,0.0,Áo,VND,1,Sản phẩm bình dân & phổ biến
AIRism Cotton Áo Thun Dáng Rộng | Tay Lỡ,UNIQLO,391000.0,UNIQLO,1611.0,4.87,0.0,Áo,VND,1,Sản phẩm bình dân & phổ biến
AIRism Cotton Áo Thun Dáng Rộng | Kẻ Sọc,UNIQLO,391000.0,UNIQLO,758.0,4.85,0.0,Áo,VND,1,Sản phẩm bình dân & phổ biến
Áo Thun Cổ Tròn,UNIQLO,293000.0,UNIQLO,3760.0,4.81,0.0,Áo,VND,1,Sản phẩm bình dân & phổ biến
Quần Xếp Ly Ống Rộng,UNIQLO,784000.0,UNIQLO,794.0,4.9,0.0,Quần,VND,1,Sản phẩm bình dân & phổ biến
Quần Cotton Dáng Relax Dài Đến Mắt Cá,UNIQLO,489000.0,UNIQLO,851.0,4.81,0.0,Quần,VND,1,Sản phẩm bình dân & phổ biến
Quần Ống Suông Vải Waffle Siêu Co Giãn,UNIQLO,489000.0,UNIQLO,764.0,4.9,0.0,Quần,VND,1,Sản phẩm bình dân & phổ biến
AIRism Quần Jogger Siêu Co Giãn,UNIQLO,489000.0,UNIQLO,763.0,4.89,0.0,Quần,VND,1,Sản phẩm bình dân & phổ biến
Quần Smart Pants Dài Đến Mắt Cá,UNIQLO,784000.0,UNIQLO,1325.0,4.87,0.0,Quần,VND,1,Sản phẩm bình dân & phổ biến
AIRism Quần Lót Không Đường May | Brief,UNIQLO,146000.0,UNIQLO,1173.0,4.84,0.0,Quần,VND,1,Sản phẩm bình dân & phổ biến
AIRism Quần Lót Không Đường May | Hiphugger,UNIQLO,146000.0,UNIQLO,1290.0,4.85,0.0,Quần,VND,1,Sản phẩm bình dân & phổ biến
Áo Ngực Không Gọng | 3D Hold,UNIQLO,489000.0,UNIQLO,833.0,4.83,0.0,Áo,VND,1,Sản phẩm bình dân & phổ biến
Túi Bán Nguyệt Mini Đeo Chéo,UNIQLO,293000.0,UNIQLO,2053.0,4.94,0.0,Túi,VND,1,Sản phẩm bình dân & phổ biến
AIRism Cotton Áo Thun Không Tay,UNIQLO,391000.0,UNIQLO,780.0,4.87,0.0,Áo,VND,1,Sản phẩm bình dân & phổ biến
Áo Thun Cổ Tròn Dry Nhiều Màu,UNIQLO,146000.0,UNIQLO,3557.0,4.8,0.0,Áo,VND,1,Sản phẩm bình dân & phổ biến
SUPIMA COTTON Áo Thun Cổ Tròn,UNIQLO,391000.0,UNIQLO,679.0,4.8,0.0,Áo,VND,1,Sản phẩm bình dân & phổ biến
EZY Quần Jeans Siêu Co Giãn,UNIQLO,980000.0,UNIQLO,663.0,4.84,0.0,Quần,VND,1,Sản phẩm bình dân & phổ biến
Adilette Comfort Slides,adidas,700000.0,adidas,3812.0,4.7,0.0,Khác,VND,1,Sản phẩm bình dân & phổ biến
Nizza Platform Shoes,adidas,1150000.0,adidas,1599.0,4.7,0.0,Giày,VND,1,Sản phẩm bình dân & phổ biến
Superstar Shoes,adidas,1800000.0,adidas,1866.0,4.8,0.0,Giày,VND,1,Sản phẩm bình dân & phổ biến
Retrorun Shoes,adidas,1300000.0,adidas,762.0,4.5,0.0,Giày,VND,1,Sản phẩm bình dân & phổ biến
Adilette Clogs,adidas,1025000.0,adidas,2005.0,4.6,0.0,Khác,VND,1,Sản phẩm bình dân & phổ biến
Stan Smith Shoes,adidas,1575000.0,adidas,1841.0,4.6,0.0,Giày,VND,1,Sản phẩm bình dân & phổ biến
Áo Bơi Nam Dài Tay DIVE&SAIL (Size,Purger flagship store,1260000.0,DIVE&SAIL,1.0,5.0,3.0,Áo,VND,1,Sản phẩm bình dân & phổ biến
Bộ Đồ Lặn Biển Nữ Sbart - Tím,Purger flagship store,955000.0,SBART,1.0,4.0,2.0,Bộ,VND,1,Sản phẩm bình dân & phổ biến
Áo Bơi Nam Không Tay Kéo Khóa,Purger flagship store,949000.0,DIVE&SAIL,2.0,5.0,2.0,Áo,VND,1,Sản phẩm bình dân & phổ biến
Bộ Đồ Lặn Biển Nữ Sbart,Purger flagship store,918000.0,SBART,1.0,4.0,1.0,Bộ,VND,1,Sản phẩm bình dân & phổ biến
Women's Snorkeling Suit Short Sleeve One-Piece Swimwear Rashguard Lycra Surf Clothing Sbart,Purger flagship store,876000.0,SBART,1.0,4.0,4.0,Khác,VND,1,Sản phẩm bình dân & phổ biến
Bộ Đồ Bơi Dài Tay Bảo Vệ Cho Nam SBART ,Purger flagship store,867000.0,SBART,1.0,1.0,4.0,Bộ,VND,1,Sản phẩm bình dân & phổ biến
Ladies Short-Sleeved One-Piece Swimsuit Lycra Tight Surf Snorkeling Beachwear,Purger flagship store,848000.0,SBART,1.0,4.0,1.0,Khác,VND,1,Sản phẩm bình dân & phổ biến
Đồ Lặn Biển Cho Nam,Purger flagship store,999999.0,SBART,1.0,4.0,1.0,Khác,VND,1,Sản phẩm bình dân & phổ biến
Balo Nữ Mini Thời Trang Da Mềm thời trang – BEE GEE BLNN9010,BEE GEE SHOP,820000.0,Bee Gee,1.0,2.0,1.0,Balo/Cặp,VND,1,Sản phẩm bình dân & phổ biến
Balo thời trang SAKOS ARMORE,Balonation,1096640.0,Sakos,8.0,3.9,16.0,Balo/Cặp,VND,1,Sản phẩm bình dân & phổ biến
Balo laptop thời trang đa năng Ozuko,Boss Baby Shop,1000000.0,OZUKO,1.0,5.0,3.0,Balo/Cặp,VND,1,Sản phẩm bình dân & phổ biến
GIÀY NỮ THỜI TRANG ELLY- EG244,ELLY,1094400.0,Elly,1.0,5.0,1.0,Giày,VND,1,Sản phẩm bình dân & phổ biến
Mũ vành thời trang NÓN SƠN-MH009-VG1-L,Thời Trang Nón Sơn Official,875000.0,Nón Sơn,1.0,5.0,1.0,Nón/Mũ,VND,1,Sản phẩm bình dân & phổ biến
Giày thời trang nam NIKE COURT VISION LO,Tiki Trading,1459000.0,Nike,6.0,4.7,25.0,Giày,VND,1,Sản phẩm bình dân & phổ biến
Túi xách nữ thời trang ELLY – EL269,ELLY,1004300.0,Elly,1.0,5.0,1.0,Túi,VND,1,Sản phẩm bình dân & phổ biến
Túi xách nữ thời trang ELLY – EL263,ELLY,934300.0,Elly,1.0,5.0,1.0,Túi,VND,1,Sản phẩm bình dân & phổ biến
Túi xách nữ thời trang ELLY – EL246,ELLY,1034100.0,Elly,1.0,5.0,3.0,Túi,VND,1,Sản phẩm bình dân & phổ biến
Túi xách nữ thời trang ELLY – EL248,ELLY,1304100.0,Elly,1.0,5.0,2.0,Túi,VND,1,Sản phẩm bình dân & phổ biến
Túi xách nữ thời trang ELLY – EL258,ELLY,994200.0,Elly,1.0,5.0,1.0,Túi,VND,1,Sản phẩm bình dân & phổ biến
Túi xách nữ thời trang ELLY – EL239,ELLY,1004300.0,Elly,1.0,5.0,2.0,Túi,VND,1,Sản phẩm bình dân & phổ biến
Giày thời trang Nữ WMNS NIKE GAMMA FORCE - SAIL/LIGHT SILVER-SEA GLASS-COCONUT MILK - 8 US,Tiki Trading,1889000.0,Nike,3.0,5.0,10.0,Giày,VND,1,Sản phẩm bình dân & phổ biến
Túi xách nữ thời trang ELLY – EL259,ELLY,994200.0,Elly,1.0,5.0,1.0,Túi,VND,1,Sản phẩm bình dân & phổ biến
Túi xách nữ thời trang ELLY – EL224,ELLY,934300.0,Elly,1.0,5.0,1.0,Túi,VND,1,Sản phẩm bình dân & phổ biến
Giày thời trang Nữ NIKE WMNS NIKE GAMMA FORCE,Tiki Trading,1889000.0,Nike,1.0,5.0,4.0,Giày,VND,1,Sản phẩm bình dân & phổ biến
Balo Nữ Thời Trang Cao Cấp Elly EBH18,ELLY,864300.0,Elly,7.0,5.0,20.0,Balo/Cặp,VND,1,Sản phẩm bình dân & phổ biến
Balo nữ thời trang cao cấp ELLY – EBH34,ELLY,1004300.0,Elly,6.0,4.8,19.0,Balo/Cặp,VND,1,Sản phẩm bình dân & phổ biến
Balo Du Lịch Thời Trang Cao Cấp SAKOS LUXER,SAKOS Official Store,1563080.0,Sakos,7.0,4.0,48.0,Balo/Cặp,VND,1,Sản phẩm bình dân & phổ biến
Balo Du Lịch Thời Trang Cao Cấp SAKOS TRENDY,SAKOS Official Store,1637600.0,Sakos,1.0,5.0,1.0,Balo/Cặp,VND,1,Sản phẩm bình dân & phổ biến
Balo nữ thời trang cao cấp ELLY – EBH12,ELLY,1004300.0,Elly,10.0,4.8,21.0,Balo/Cặp,VND,1,Sản phẩm bình dân & phổ biến
Balo nữ thời trang cao cấp ELLY – EBH54,ELLY,1004300.0,Elly,1.0,4.0,2.0,Balo/Cặp,VND,1,Sản phẩm bình dân & phổ biến
Balo UNISEX  Thời Trang HARAS HRS008,HARASMALL,200000.0,HARAS,150.0,4.7,500.0,Balo/Cặp,VND,2,Sản phẩm trung bình (ít nổi bật)
Dẫn Luận Về Thời Trang,Tiki Trading,58600.0,OEM,58.0,4.6,731.0,Khác,VND,2,Sản phẩm trung bình (ít nổi bật)
Balo Thời Trang PRAZA - BL172,Praza,149000.0,Praza,114.0,4.6,678.0,Balo/Cặp,VND,2,Sản phẩm trung bình (ít nổi bật)
Túi xách du lịch thời trang HARAS HR224,HARASMALL,250000.0,HARAS,55.0,4.3,886.0,Túi,VND,2,Sản phẩm trung bình (ít nổi bật)
