Tên sản phẩm,Giá,Currency,Điểm đánh giá trung bình,Lượt đánh giá,Fit,Category
AIRism Áo Hoodie Chống UV Vải Mắt Lưới Kéo Khóa | Họa Tiết,686000.0,VND,4.92,59.0,3.03,Áo
Áo Parka Chống UV Bỏ Túi | Chống Nắng | Họa Tiết,784000.0,VND,4.83,66.0,3.27,Áo
Áo Parka Chống UV Bỏ Túi (Chống Nắng),784000.0,VND,4.82,194.0,3.15,Áo
AIRism Áo Hoodie Chống UV Vải Mắt Lưới Kéo Khóa,686000.0,VND,4.91,1118.0,3.08,Áo
Áo Parka Hai Mặt,784000.0,VND,4.91,289.0,3.09,Áo
Áo Khoác Vải Jersey Mềm Dáng Rộng,1275000.0,VND,4.89,64.0,3.16,Áo
Áo Khoác Cản Gió Cổ Trụ,1275000.0,VND,4.97,123.0,3.19,Áo
Áo Khoác Len Dáng Ngắn | Kẻ Sọc,784000.0,VND,4.97,34.0,2.94,Áo
Áo Khoác Len Dáng Ngắn,784000.0,VND,4.86,123.0,2.98,Áo
Áo Khoác Thiết Kế | Set Up,1275000.0,VND,5.0,9.0,3.0,Áo
AIRism Áo Khoác Siêu Co Giãn Kéo Khóa,686000.0,VND,4.76,21.0,2.81,Áo
Áo Khoác Vải Denim Dáng Relax,1275000.0,VND,,,,Áo
Áo Khoác Vải Jersey Dáng Relax,980000.0,VND,4.92,87.0,3.17,Áo
Áo Khoác Giả Lông Cừu Loại Dày Kéo Khóa,588000.0,VND,4.91,357.0,3.05,Áo
KAWS + Warhol Áo Khoác Coach,1275000.0,VND,4.94,35.0,3.2,Áo
KAWS + Warhol Áo Khoác Coach,1275000.0,VND,4.9,49.0,3.18,Áo
Áo Khoác Kiểu Sơ Mi Vải Double Face,1275000.0,VND,4.83,6.0,3.33,Áo
Áo Khoác Kiểu Sơ Mi Vải Double Face,1275000.0,VND,5.0,1.0,3.0,Áo
PUFFTECH Áo Khoác Chần Bông | Có Mũ,1471000.0,VND,4.89,56.0,3.14,Áo
PUFFTECH Áo Khoác Chần Bông Dáng Relax,1471000.0,VND,5.0,4.0,3.0,Áo
PUFFTECH Áo Khoác Chần Bông Gọn Nhẹ,1275000.0,VND,,,,Áo
PUFFTECH Áo Gile Chần Bông Gọn Nhẹ,980000.0,VND,5.0,1.0,3.0,Áo
Áo Khoác Phao Lông Vũ Siêu Nhẹ,1471000.0,VND,4.79,28.0,3.32,Áo
Seamless Down Áo Parka,2944000.0,VND,4.58,12.0,3.5,Áo
Áo Phao Gile Dáng Lửng,1275000.0,VND,4.73,11.0,3.27,Áo
Powder Soft Down Áo Phao,1962000.0,VND,,,,Áo
Áo Thun Mini | Kẻ Sọc,293000.0,VND,4.88,122.0,3.07,Áo
AIRism Áo Thun Vải Mềm Dáng Lửng,293000.0,VND,,,,Áo
AIRism Áo Thun Siêu Co Giãn Dáng Lửng,293000.0,VND,4.87,1040.0,2.87,Áo
Áo Thun Mini,293000.0,VND,4.89,1328.0,2.95,Áo
AIRism Cotton Áo Thun,293000.0,VND,4.89,1132.0,3.13,Áo
Áo Thun Cổ Tròn,293000.0,VND,4.88,5194.0,3.02,Áo
Áo Thun Gân Cổ Cao | Kẻ Sọc,391000.0,VND,5.0,5.0,3.0,Áo
Áo Giả Lông Cừu Đan Len Mềm Cổ Tròn,391000.0,VND,4.9,115.0,3.18,Áo
Áo Thun Gân Cổ Cao,391000.0,VND,4.92,25.0,3.04,Áo
SUPIMA Cotton Áo Thun | Không Tay,293000.0,VND,5.0,13.0,3.08,Áo
Áo Thun Vải Cotton Mềm Dáng Relax | Kẻ Sọc,391000.0,VND,4.82,65.0,3.22,Áo
Áo Thun Vải Pointelle | Cổ Henley,293000.0,VND,4.88,104.0,3.14,Áo
Áo Thun Vải Cotton Mềm Dáng Relax,391000.0,VND,4.88,17.0,3.35,Áo
Áo Thun Cotton Mềm Co Giãn,391000.0,VND,5.0,21.0,3.05,Áo
HEATTECH Extra Warm Cotton Áo Giữ Nhiệt | Cổ Tròn,489000.0,VND,4.88,72.0,3.06,Áo
Áo Thun Gân Mềm Cổ Tròn | Kẻ Sọc,293000.0,VND,4.92,215.0,3.03,Áo
Áo Thun Gân Mềm Cổ Tròn,293000.0,VND,4.89,314.0,3.06,Áo
Áo Thun Vải Waffle Cổ Tròn,391000.0,VND,4.87,668.0,3.23,Áo
HEATTECH Áo Giữ Nhiệt Giả Lông Cừu | Cổ Lọ,391000.0,VND,4.85,506.0,3.04,Áo
Áo Polo Dáng Lửng,489000.0,VND,4.9,39.0,3.15,Áo
Áo Polo Dáng Lửng | Kẻ Sọc,489000.0,VND,5.0,14.0,3.14,Áo
Áo Polo Vải Dry Pique | 2 Màu,489000.0,VND,4.83,24.0,3.08,Áo
Áo Polo Vải Dry Pique | Kẻ Sọc,489000.0,VND,4.67,12.0,3.08,Áo
Áo Polo Vải Dry Pique | Tipping,489000.0,VND,4.89,150.0,3.05,Áo
Áo Polo Vải Dry Pique | Kẻ Sọc,489000.0,VND,4.86,88.0,3.11,Áo
AIRism Cotton Áo Polo Vải Gân,489000.0,VND,4.86,203.0,2.91,Áo
Áo Polo Vải Dry Pique,489000.0,VND,4.84,1120.0,3.09,Áo
Áo Polo Dệt Kim Vải Gân Có Thể Giặt Máy,588000.0,VND,4.95,112.0,3.0,Áo
Áo Polo Cardigan Len Merino,686000.0,VND,2.33,3.0,3.0,Áo
AIRism Cotton Áo Thun,489000.0,VND,4.79,298.0,3.15,Áo
AIRism Cotton Áo Thun Dáng Rộng | Tay Lỡ,391000.0,VND,4.87,1611.0,3.17,Áo
AIRism Cotton Áo Thun Dáng Rộng | Kẻ Sọc,391000.0,VND,4.85,758.0,3.14,Áo
Áo Thun Cổ Tròn,293000.0,VND,4.81,3760.0,3.08,Áo
Áo Bra Top Dáng Lửng | Ringer,489000.0,VND,4.92,161.0,3.02,Áo
Áo Bra Dáng Lửng Không Tay,489000.0,VND,4.9,555.0,3.07,Áo
Áo Bra Top Dáng Lửng | Kẻ Sọc,489000.0,VND,4.88,245.0,3.0,Áo
Áo Bra Top Cổ Yếm | Kẻ Sọc,489000.0,VND,4.91,86.0,3.02,Áo
Áo Bra Top Dáng Lửng | Không Tay,489000.0,VND,,,,Áo
Áo Bra Top Cổ Yếm,489000.0,VND,4.87,556.0,3.04,Áo
AIRism Cotton Áo Bra Quây Dáng Ngắn,489000.0,VND,4.82,336.0,2.91,Áo
AIRism Áo Bra Hai Dây,489000.0,VND,4.9,264.0,3.03,Áo
Áo Thun Bra Vải Gân Dáng Ngắn Cổ Vuông,489000.0,VND,4.85,179.0,2.98,Áo
Áo Ngực Không Gọng | Thể Thao,489000.0,VND,5.0,9.0,2.89,Áo
UT NY POP ART Áo Thun | Basquiat,391000.0,VND,,,,Áo
UT NY POP ART Áo Thun | Basquiat,391000.0,VND,5.0,1.0,4.0,Áo
UT NY POP ART Áo Thun | Keith,391000.0,VND,,,,Áo
UT NY POP ART Áo Thun | Andy Warhol,391000.0,VND,,,,Áo
Mũ Lưỡi Trai Chống UV | Keith Haring,489000.0,VND,,,,Nón/Mũ
UT ARCANE LEAGUE OF LEGENDS Áo Thun,391000.0,VND,4.93,29.0,3.21,Áo
UT ARCANE LEAGUE OF LEGENDS Áo Thun,391000.0,VND,5.0,13.0,3.15,Áo
UT ARCANE LEAGUE OF LEGENDS Áo Thun,391000.0,VND,4.83,6.0,3.0,Áo
UT ARCANE LEAGUE OF LEGENDS Áo Thun,391000.0,VND,4.94,18.0,2.94,Áo
UT MAGIC FOR ALL ICONS Áo Thun,391000.0,VND,3.0,1.0,3.0,Áo
UT MAGIC FOR ALL ICONS Áo Thun,391000.0,VND,,,,Áo
MAGIC FOR ALL x Yu Nagaba Áo Hoodie Nỉ,588000.0,VND,4.8,10.0,3.2,Áo
UT MAGIC FOR ALL x Yu Nagaba Áo Thun,391000.0,VND,4.73,15.0,3.07,Áo
UT MAGIC FOR ALL x Yu Nagaba Áo Thun,391000.0,VND,4.81,16.0,3.19,Áo
UT MAGIC FOR ALL x Yu Nagaba Áo Thun,391000.0,VND,5.0,11.0,2.91,Áo
MAGIC FOR ALL x Yu Nagaba Áo Hoodie Nỉ,588000.0,VND,4.33,6.0,3.33,Áo
MAGIC FOR ALL x Yu Nagaba Áo Hoodie Nỉ,588000.0,VND,5.0,6.0,3.0,Áo
MAGIC FOR ALL x Yu Nagaba Áo Nỉ,784000.0,VND,5.0,14.0,3.43,Áo
MAGIC FOR ALL x Yu Nagaba Áo Nỉ,784000.0,VND,4.93,27.0,3.04,Áo
UT MAGIC FOR ALL x Yu Nagaba Áo Thun,391000.0,VND,4.36,11.0,2.91,Áo
UT MAGIC FOR ALL x Yu Nagaba Áo Thun,391000.0,VND,5.0,9.0,3.44,Áo
UT MAGIC FOR ALL x Yu Nagaba Áo Thun,391000.0,VND,4.89,9.0,3.22,Áo
MAGIC FOR ALL x Yu Nagaba Áo Hoodie Nỉ,588000.0,VND,4.73,11.0,3.27,Áo
MAGIC FOR ALL x Yu Nagaba Áo Nỉ,784000.0,VND,4.95,19.0,3.05,Áo
UT MAGIC FOR ALL x Yu Nagaba Áo Thun Ngắn Tay,391000.0,VND,4.83,12.0,3.17,Áo
UT MAGIC FOR ALL x Yu Nagaba Áo Thun Ngắn Tay,391000.0,VND,5.0,10.0,3.1,Áo
PEANUTS Áo Nỉ,784000.0,VND,,,,Áo
PEANUTS Áo Nỉ,784000.0,VND,5.0,1.0,4.0,Áo
PEANUTS Áo Nỉ,784000.0,VND,5.0,1.0,3.0,Áo
UT PEANUTS Áo Thun | Dáng Rộng,391000.0,VND,4.75,4.0,3.5,Áo
UT PEANUTS Áo Thun | Dáng Rộng,391000.0,VND,5.0,4.0,3.75,Áo
UT PEANUTS Áo Thun | Dáng Rộng,391000.0,VND,4.67,6.0,3.0,Áo
UT PEANUTS Áo Thun,391000.0,VND,4.75,4.0,3.25,Áo
UT PEANUTS Áo Thun,391000.0,VND,5.0,3.0,3.0,Áo
UT PEANUTS Áo Thun,391000.0,VND,5.0,4.0,3.0,Áo
UT ONE PIECE Anime 25th Áo Thun,391000.0,VND,4.93,15.0,2.87,Áo
UT ONE PIECE Anime 25th Áo Thun,391000.0,VND,4.9,20.0,2.95,Áo
UT ONE PIECE Anime 25th Áo Thun,391000.0,VND,5.0,11.0,2.82,Áo
UT ONE PIECE Anime 25th Áo Thun,391000.0,VND,4.93,27.0,3.07,Áo
UT ONE PIECE Anime 25th Áo Thun,391000.0,VND,4.96,28.0,2.93,Áo
UT ONE PIECE Anime 25th Áo Thun,391000.0,VND,5.0,16.0,3.0,Áo
UT Mickey Stands Áo Thun,391000.0,VND,5.0,3.0,3.0,Áo
UT Mickey Stands Áo Thun,391000.0,VND,5.0,7.0,3.14,Áo
UT Mickey Stands Áo Thun,391000.0,VND,5.0,8.0,3.0,Áo
UT Mickey Stands Áo Thun,391000.0,VND,5.0,16.0,3.19,Áo
UT Mickey Stands Áo Thun,391000.0,VND,4.6,5.0,3.0,Áo
UT Mickey Stands Áo Thun Ngắn Tay,391000.0,VND,4.92,12.0,3.0,Áo
UT Mickey Stands Áo Thun Ngắn Tay,391000.0,VND,4.95,20.0,3.05,Áo
UT Mickey Stands Áo Thun Ngắn Tay,391000.0,VND,4.92,12.0,2.83,Áo
UT Mickey Stands Áo Thun Ngắn Tay,391000.0,VND,4.92,13.0,3.15,Áo
UT MAGIC FOR ALL ICONS Áo Thun | Dáng Mini,391000.0,VND,5.0,12.0,2.92,Áo
UT MAGIC FOR ALL ICONS Áo Thun | Dáng Mini,391000.0,VND,4.82,11.0,3.0,Áo
UT MAGIC FOR ALL ICONS Áo Thun | Dáng Mini,391000.0,VND,4.2,10.0,2.9,Áo
UT MAGIC FOR ALL ICONS Áo Thun | Dáng Mini,391000.0,VND,4.75,4.0,3.0,Áo
UT miffy Áo Thun,391000.0,VND,5.0,7.0,3.14,Áo
UT The Louvre x Camille Hernot Áo Thun,391000.0,VND,,,,Áo
UT The Louvre x Camille Hernot Áo Thun,391000.0,VND,5.0,3.0,3.0,Áo
UT Manga Archive Áo Thun Ngắn Tay (Jujutsu),391000.0,VND,5.0,14.0,3.0,Áo
UT Manga Archive Áo Thun Ngắn Tay (Jujutsu),391000.0,VND,5.0,15.0,2.93,Áo
UT Manga Archive Áo Thun Ngắn Tay (Jujutsu),391000.0,VND,5.0,3.0,3.33,Áo
UT Manga Archive Áo Thun Ngắn Tay (Demon),391000.0,VND,5.0,4.0,2.5,Áo
UT Manga Archive Áo Thun Ngắn Tay (Demon),391000.0,VND,4.7,10.0,3.1,Áo
UT Manga Archive Áo Thun Ngắn Tay (Demon),391000.0,VND,5.0,11.0,3.0,Áo
UT KENSHI YONEZU Áo Thun Ngắn Tay (Chainsaw Man),391000.0,VND,5.0,7.0,3.14,Áo
UT KENSHI YONEZU Áo Thun Ngắn Tay (Chainsaw Man),391000.0,VND,5.0,9.0,3.33,Áo
UT KENSHI YONEZU Áo Thun Ngắn Tay (Final Fantasy),391000.0,VND,4.86,7.0,3.0,Áo
UT KENSHI YONEZU Áo Thun Ngắn Tay (Ultraman),391000.0,VND,5.0,9.0,3.22,Áo
UT Harry Potter Áo Thun Ngắn Tay (Hufflepuff),391000.0,VND,4.94,66.0,3.17,Áo
UT Harry Potter Áo Thun Ngắn Tay (Slytherin),391000.0,VND,4.94,71.0,3.07,Áo
UT Harry Potter Áo Thun Ngắn Tay (Ravenclaw),391000.0,VND,4.84,25.0,3.24,Áo
UT KENSHI YONEZU Áo Thun Ngắn Tay (Stray Sheep),391000.0,VND,5.0,5.0,2.6,Áo
UT Harry Potter Áo Thun Ngắn Tay (Wand Woods),391000.0,VND,4.92,53.0,3.09,Áo
UT HOKUSAI Áo Thun,391000.0,VND,4.92,48.0,3.13,Áo
Áo Nỉ Cổ Tròn,588000.0,VND,4.95,21.0,3.38,Áo
AIRism Áo Hoodie Chống UV Vải Mắt Lưới Kéo Khóa,686000.0,VND,5.0,1.0,3.0,Áo
Áo Vải Jersey Mềm Chui Đầu,686000.0,VND,,,,Áo
Áo Vải Jersey Mềm Chui Đầu Half-Zip,489000.0,VND,5.0,1.0,5.0,Áo
Áo Nỉ | Hai Màu,686000.0,VND,4.89,18.0,3.11,Áo
Áo Nỉ,686000.0,VND,4.88,355.0,3.17,Áo
KAWS + Warhol Áo Nỉ,784000.0,VND,4.97,31.0,3.1,Áo
Áo Cardigan Nỉ,784000.0,VND,4.88,259.0,3.2,Áo
Áo Khoác Giả Lông Cừu Kéo Khóa | Hai Màu,686000.0,VND,4.92,26.0,3.08,Áo
Áo Khoác Lót Lông Giả Lông Cừu Kéo Khóa,686000.0,VND,4.92,13.0,3.46,Áo
PEACE FOR ALL Áo Thun Ngắn Tay (Magnum),391000.0,VND,5.0,1.0,3.0,Áo
PEACE FOR ALL Áo Thun Ngắn Tay (Magnum),391000.0,VND,,,,Áo
PEACE FOR ALL Áo Thun Ngắn Tay (Magnum),391000.0,VND,5.0,3.0,3.0,Áo
PEACE FOR ALL Áo Thun Ngắn Tay (Saul Leiter),391000.0,VND,5.0,3.0,3.0,Áo
PEACE FOR ALL Áo Thun Ngắn Tay (Han Meilin),391000.0,VND,5.0,1.0,3.0,Áo
PEACE FOR ALL Áo Thun Ngắn Tay (TOKUJIN),391000.0,VND,,,,Áo
PEACE FOR ALL Áo Thun | Takeshi Yoro,391000.0,VND,5.0,8.0,3.13,Áo
PEACE FOR ALL Áo Thun | Khaled Hosseini,391000.0,VND,5.0,7.0,3.14,Áo
PEACE FOR ALL Áo Thun | Hakuju Kuiseko,391000.0,VND,4.82,17.0,3.12,Áo
PEACE FOR ALL Áo Thun | Jason Polan,391000.0,VND,4.86,7.0,3.0,Áo
PEACE FOR ALL Áo Thun | Moomin,391000.0,VND,4.95,22.0,3.18,Áo
PEACE FOR ALL Áo Thun | Herzog & de Meuron,391000.0,VND,4.95,22.0,3.0,Áo
PEACE FOR ALL Áo Thun | Ultraman,391000.0,VND,4.89,19.0,3.16,Áo
PEACE FOR ALL Áo Thun | Yu Nagaba,391000.0,VND,5.0,7.0,3.29,Áo
PEACE FOR ALL (F. Risso) Áo Thun Ngắn Tay,391000.0,VND,4.6,10.0,3.2,Áo
PEACE FOR ALL (Julian Opie) Áo Thun Ngắn Tay,391000.0,VND,4.75,16.0,3.0,Áo
PEACE FOR ALL Áo Thun | E. Moureaux,391000.0,VND,4.83,6.0,3.0,Áo
PEACE FOR ALL (Keith Haring) Áo Thun Ngắn Tay,391000.0,VND,4.91,23.0,3.09,Áo
PEACE FOR ALL (Magnum Photos) Áo Thun Ngắn Tay,391000.0,VND,4.96,27.0,3.0,Áo
PEACE FOR ALL (Daido Moriyama) Áo Thun Ngắn Tay,391000.0,VND,4.9,21.0,3.14,Áo
PEACE FOR ALL (PEANUTS) Áo Thun Ngắn Tay,391000.0,VND,4.97,59.0,3.15,Áo
PEACE FOR ALL (Wim Wenders) Áo Thun Ngắn Tay,391000.0,VND,4.75,12.0,3.08,Áo
PEACE FOR ALL Áo Thun | Jean-Michel Basquiat,391000.0,VND,4.88,8.0,3.25,Áo
PEACE FOR ALL (Dick Bruna) Áo Thun Ngắn Tay,391000.0,VND,4.7,47.0,3.34,Áo
PEACE FOR ALL (Roger Federer) Áo Thun Ngắn Tay,391000.0,VND,4.85,20.0,3.1,Áo
PEACE FOR ALL Lisa Larson Áo Thun Ngắn Tay,391000.0,VND,4.8,20.0,3.1,Áo
PEACE FOR ALL (Akamai Technologies) Áo Thun Ngắn Tay,391000.0,VND,5.0,18.0,3.0,Áo
PEACE FOR ALL (Hana Tajima) Áo Thun Ngắn Tay,391000.0,VND,4.8,15.0,2.93,Áo
PEACE FOR ALL (Christophe Lemaire) Áo Thun Ngắn Tay,391000.0,VND,4.86,22.0,3.18,Áo
PEACE FOR ALL (Ines De La Fressange) Áo Thun Ngắn Tay,391000.0,VND,5.0,5.0,3.0,Áo
PEACE FOR ALL (Tadao Ando) Áo Thun Ngắn Tay,391000.0,VND,5.0,9.0,3.0,Áo
PEACE FOR ALL Áo Thun | Kosuke Kawamura,391000.0,VND,4.83,6.0,3.0,Áo
PEACE FOR ALL (Kashiwa Sato) Áo Thun Ngắn Tay,391000.0,VND,5.0,9.0,3.0,Áo
PEACE FOR ALL (Rei Inamoto) Áo Thun Ngắn Tay,391000.0,VND,4.61,18.0,3.06,Áo
PEACE FOR ALL (Shingo Kunieda) Áo Thun Ngắn Tay,391000.0,VND,4.78,9.0,2.67,Áo
PEACE FOR ALL Áo Thun | Kei Nishikori,391000.0,VND,5.0,3.0,3.0,Áo
PEACE FOR ALL (Ayumu Hirano) Áo Thun Ngắn Tay,391000.0,VND,4.88,8.0,3.38,Áo
PEACE FOR ALL Áo Thun | Adam Scott,391000.0,VND,4.8,15.0,3.13,Áo
PEACE FOR ALL Áo Thun | Gordon Reid,391000.0,VND,5.0,6.0,3.0,Áo
PEACE FOR ALL Áo Thun | Shinya Yamanaka,391000.0,VND,4.83,12.0,2.92,Áo
PEACE FOR ALL Haruki Murakami Áo Thun Ngắn Tay,391000.0,VND,4.97,37.0,3.11,Áo
Áo Len Dệt 3D | Kẻ Sọc,588000.0,VND,5.0,7.0,3.14,Áo
Áo Len Dệt 3D,588000.0,VND,4.9,10.0,3.2,Áo
Áo Len Dệt 3D Vải Cotton Cổ Tròn | Kẻ Sọc,686000.0,VND,4.91,70.0,3.09,Áo
Áo Len Dệt 3D Vải Cotton Cổ Tròn,686000.0,VND,4.7,137.0,3.17,Áo
Áo Len Vải Cotton Pha | Không Tay,588000.0,VND,4.75,4.0,3.25,Áo
Áo Len Sợi Souffle Cổ Cao,686000.0,VND,5.0,8.0,3.25,Áo
Áo Len Cardigan Sợi Souffle Dáng Ngắn | Cổ V | Kẻ Sọc,686000.0,VND,4.95,77.0,3.16,Áo
Áo Len Cardigan Sợi Souffle Cổ V Dáng Ngắn,686000.0,VND,4.96,162.0,3.17,Áo
Áo Len Sợi Souffle Cổ Tròn | Color Block,686000.0,VND,4.88,16.0,3.44,Áo
Áo Len Sợi Souffle Cổ Tròn,686000.0,VND,4.85,46.0,3.15,Áo
Áo Len Merino Vải Gân Cổ Tròn | Kẻ Sọc,588000.0,VND,5.0,2.0,3.0,Áo
Áo Len Merino Vải Gân Cổ Tròn | Tay Lỡ,588000.0,VND,5.0,1.0,3.0,Áo
Áo Len Merino Cổ Tròn,784000.0,VND,4.45,11.0,3.18,Áo
Áo Len Vặn Thừng Cổ Tròn,588000.0,VND,4.84,55.0,2.93,Áo
Áo Cardigan Chống UV Cổ Tròn | Chống Nắng | Kẻ Sọc,489000.0,VND,4.89,66.0,3.06,Áo
Áo Cardigan Chống UV Cổ Tròn,489000.0,VND,4.86,174.0,3.01,Áo
Áo Len Sợi Souffle Cổ Tròn,784000.0,VND,5.0,9.0,3.0,Áo
Áo Len Sợi Souffle Half-Zip,784000.0,VND,5.0,3.0,3.0,Áo
Áo Sơ Mi Vải Cotton | Kẻ Sọc,588000.0,VND,,,,Áo
Áo Kiểu Vải Satin Diềm Nhún,784000.0,VND,,,,Áo
Áo Kiểu Xếp Ly Vải Dạ Mềm | Caro,588000.0,VND,4.81,16.0,3.5,Áo
Áo Kiểu Vải Satin Diềm Nhún,784000.0,VND,3.0,1.0,4.0,Áo
Áo Kiểu Xếp Ly Vải Dạ Mềm,588000.0,VND,4.82,22.0,3.5,Áo
Áo Kiểu Vải Rayon Xếp Nếp,588000.0,VND,4.92,59.0,3.17,Áo
Áo Sơ Mi Cổ Mở Vải Dạ Mềm | Caro,588000.0,VND,4.88,16.0,3.25,Áo
Áo Sơ Mi Cổ Mở Vải Dạ Mềm | Caro,588000.0,VND,5.0,14.0,3.0,Áo
Áo Sơ Mi Cổ Mở Vải Dạ Mềm,588000.0,VND,4.88,24.0,3.13,Áo
Áo Sơ Mi Vải Cotton | Kẻ Sọc,588000.0,VND,4.88,52.0,3.0,Áo
Áo Sơ Mi Vải Cotton,588000.0,VND,4.73,33.0,3.15,Áo
Áo Kiểu Vải Rayon | Họa Tiết,588000.0,VND,4.94,17.0,3.06,Áo
Áo Kiểu Vải Rayon,588000.0,VND,4.77,71.0,3.13,Áo
Áo Sơ Mi Vải Pha Linen Cổ Mở,588000.0,VND,4.79,331.0,3.21,Áo
Áo Sơ Mi Vải Linen Cao Cấp,784000.0,VND,4.87,112.0,3.09,Áo
Áo Kiểu Vải Rayon Cổ Mở | Tay 3/4,588000.0,VND,5.0,6.0,3.67,Áo
Áo Kiểu Vải Rayon Cổ Mở | Tay 3/4 | Kẻ Sọc,588000.0,VND,4.89,18.0,3.11,Áo
Áo Kiểu Vải Rayon Cổ Mở | Tay 3/4,588000.0,VND,4.87,82.0,3.17,Áo
Áo Kiểu Vải Rayon | Họa Tiết,489000.0,VND,5.0,1.0,3.0,Áo
Áo Kiểu Vải Pha Linen Tay Phồng | Họa Tiết,588000.0,VND,,,,Áo
Áo Kiểu Vải Pha Linen Tay Phồng,588000.0,VND,,,,Áo
Áo Sơ Mi Vải Pha Linen Cổ Mở,588000.0,VND,,,,Áo
Áo Kiểu Vải Rayon Cổ Mở | Tay 3/4 | Kẻ Sọc,588000.0,VND,4.69,78.0,3.29,Áo
Áo Kiểu Vải Rayon,489000.0,VND,4.86,302.0,3.21,Áo
Áo Sơ Mi Vải Dạ | Caro,588000.0,VND,4.92,13.0,3.31,Áo
Áo Sơ Mi Vải Dạ | Caro,588000.0,VND,5.0,6.0,3.83,Áo
Áo Sơ Mi Vải Dạ | Caro,588000.0,VND,5.0,6.0,2.83,Áo
Áo Sơ Mi Vải Dạ | Caro,588000.0,VND,5.0,1.0,3.0,Áo
Áo Sơ Mi Vải Dạ | Caro,588000.0,VND,5.0,13.0,3.0,Áo
Áo Sơ Mi Vải Dạ | Caro,588000.0,VND,,,,Áo
Áo Sơ Mi Vải Dạ | Caro,588000.0,VND,4.9,10.0,3.2,Áo
Áo Sơ Mi Vải Dạ | Button Down | Caro,588000.0,VND,5.0,7.0,3.14,Áo
Áo Sơ Mi Vải Dạ | Button Down | Caro,588000.0,VND,5.0,5.0,3.2,Áo
Áo Sơ Mi Vải Dạ | Button Down | Caro,588000.0,VND,5.0,1.0,3.0,Áo
Áo Sơ Mi Vải Dạ,588000.0,VND,5.0,13.0,3.15,Áo
Quần Dài Ống Loe Rộng Vải Denim Dáng Rũ,980000.0,VND,,,,Quần
Quần Jeans Ống Suông Dáng Rộng,980000.0,VND,4.91,170.0,3.15,Quần
Quần Jeans Dáng Rộng,980000.0,VND,4.89,384.0,3.11,Quần
Quần Dài Xếp Ly Vải Denim,784000.0,VND,4.93,43.0,3.35,Quần
Quần Dài Xếp Ly Vải Denim Dáng Rũ,784000.0,VND,4.9,41.0,3.17,Quần
Quần Jeans Ống Suông Dáng Rộng,980000.0,VND,4.84,342.0,3.3,Quần
Quần Xếp Ly Ống Rộng,784000.0,VND,4.9,794.0,3.06,Quần
Quần Chino Dáng Rộng,784000.0,VND,4.94,100.0,3.07,Quần
Quần Dài Parachute (Chống Nắng),784000.0,VND,4.89,401.0,3.11,Quần
Quần Jeans Dáng Ôm Siêu Thoải Mái,980000.0,VND,4.86,59.0,3.08,Quần
Quần Jeans Dáng Regular Ống Suông,980000.0,VND,5.0,4.0,3.25,Quần
Quần Jeans Bầu Siêu Co Giãn,980000.0,VND,4.62,13.0,2.92,Quần
Quần Cotton Dáng Relax Dài Đến Mắt Cá | Denim,489000.0,VND,4.92,195.0,3.12,Quần
Quần Dài Vải Crepe Jersey Ống Suông,588000.0,VND,4.83,60.0,3.18,Quần
Quần Cotton Dáng Relax Dài Đến Mắt Cá,489000.0,VND,4.81,851.0,3.13,Quần
Quần Ống Suông Vải Waffle Siêu Co Giãn,489000.0,VND,4.9,764.0,3.12,Quần
Quần Cotton Dáng Relax Dài Đến Mắt Cá,489000.0,VND,,,,Quần
Quần Dài Vải Waffle Siêu Co Giãn,489000.0,VND,5.0,8.0,2.88,Quần
Quần Dài Vải Linen Pha | Kẻ Sọc,489000.0,VND,4.78,40.0,3.15,Quần
Quần Dài Vải Linen Pha,489000.0,VND,4.92,183.0,3.09,Quần
Quần Denim Vải Jersey Ống Ôm Dần,588000.0,VND,4.84,598.0,3.15,Quần
Quần Cotton Dáng Relax Dài Đến Mắt Cá | Denim,489000.0,VND,5.0,2.0,3.0,Quần
Quần Dệt Kim Vải Gân Có Thể Giặt Máy,489000.0,VND,4.74,84.0,3.18,Quần
Quần Dài Vải Dạ,489000.0,VND,4.92,184.0,3.11,Quần
Quần Dài Vải Dạ | Caro,489000.0,VND,4.77,22.0,3.23,Quần
Quần Dài Vải Dạ | Caro,489000.0,VND,5.0,10.0,3.0,Quần
Quần Dài Vải Dạ | Caro,489000.0,VND,4.25,8.0,3.25,Quần
Quần Cotton Easy Shorts | Kẻ Sọc,391000.0,VND,4.84,74.0,3.03,Quần
Quần Easy Short,391000.0,VND,4.87,364.0,3.08,Quần
Quần Easy Short Vải Cotton,391000.0,VND,4.84,355.0,3.06,Quần
AIRism Quần Jogger Siêu Co Giãn,489000.0,VND,4.89,763.0,3.05,Quần
Quần Easy Túi Hộp Vải Jersey,588000.0,VND,4.89,75.0,3.13,Quần
Quần Cotton Dài Đến Mắt Cá,588000.0,VND,4.88,475.0,3.13,Quần
KAWS + Warhol Quần Nỉ,784000.0,VND,4.97,30.0,3.2,Quần
KAWS + Warhol Quần Nỉ,784000.0,VND,4.95,20.0,3.4,Quần
AIRism Cotton Quần Nỉ,588000.0,VND,5.0,4.0,3.0,Quần
Quần Nỉ,588000.0,VND,4.94,18.0,3.11,Quần
Quần Nỉ,686000.0,VND,4.8,10.0,3.1,Quần
Quần Nỉ,686000.0,VND,4.83,260.0,3.15,Quần
Quần Nỉ Dry Dáng Rộng,686000.0,VND,4.97,61.0,3.18,Quần
Quần Nỉ Dáng Rộng,784000.0,VND,4.95,60.0,3.32,Quần
Quần Smart Pants Dài Đến Mắt Cá,784000.0,VND,4.87,1325.0,3.04,Quần
Quần Bầu Smart Pants Dài Đến Mắt Cá,784000.0,VND,4.94,17.0,3.18,Quần
Quần Shorts Vải Linen Cotton,588000.0,VND,,,,Quần
Quần Short Vải Linen Cotton,588000.0,VND,4.88,247.0,3.08,Quần
Quần Easy Shorts Vải Cotton | Denim,391000.0,VND,4.95,57.0,3.16,Quần
Quần Short Xếp Nếp,588000.0,VND,4.88,391.0,3.06,Quần
Quần Easy Shorts Co Giãn | Vải Sọc Nhăn,391000.0,VND,4.94,72.0,3.1,Quần
Quần Váy Vải Pha Linen,588000.0,VND,,,,Quần
AIRism Quần Leggings Siêu Co Giãn (Chống Nắng),588000.0,VND,4.88,171.0,3.04,Quần
Quần Leggings Siêu Co Giãn | Denim,489000.0,VND,4.79,70.0,3.01,Quần
Quần Leggings Siêu Co Giãn,489000.0,VND,4.86,117.0,3.09,Quần
Quần Leggings Bầu,391000.0,VND,4.8,15.0,3.27,Quần
Quần Leggings Bầu Siêu Co Giãn,588000.0,VND,5.0,4.0,3.0,Quần
Quần Leggings Bầu Siêu Co Giãn,588000.0,VND,3.0,2.0,2.0,Quần
HEATTECH Ultra Warm Quần Legging Giữ Nhiệt,588000.0,VND,4.97,31.0,3.06,Quần
HEATTECH Extra Warm Cotton Quần Legging Giữ Nhiệt,489000.0,VND,4.88,43.0,3.09,Quần
HEATTECH Quần Thun Giữ Nhiệt,293000.0,VND,4.98,51.0,3.08,Quần
Chân Váy Vải Chiffon Xếp Ly | Họa Tiết,784000.0,VND,5.0,16.0,2.94,Váy
Chân Váy Vải Chiffon Xếp Ly,784000.0,VND,5.0,16.0,2.88,Váy
Chân Váy Dài Xếp Ly,980000.0,VND,4.9,21.0,3.19,Váy
Chân Váy Vải Satin,784000.0,VND,4.82,119.0,3.03,Váy
Chân Váy Denim Dáng Dài,784000.0,VND,4.76,37.0,3.11,Váy
Chân Váy Vải Cotton Thêu Họa Tiết,784000.0,VND,4.87,23.0,3.13,Váy
Chân Váy Xòe Thắt Lưng,980000.0,VND,5.0,11.0,3.0,Váy
Chân Váy Vải Cotton Nhăn Xếp Tầng,784000.0,VND,4.79,42.0,3.02,Váy
Chân Váy Len Pha Merino Gân,980000.0,VND,5.0,2.0,3.0,Váy
Đầm Vải Mercerized Cotton,588000.0,VND,5.0,2.0,3.5,Đầm
Đầm Kiểu,980000.0,VND,4.8,5.0,3.0,Đầm
Đầm Vải Lawn Mềm | Caro,980000.0,VND,5.0,3.0,3.0,Đầm
Đầm Vải Lawn Mềm,980000.0,VND,4.67,3.0,3.0,Đầm
Đầm Tay Bèo,588000.0,VND,5.0,18.0,3.06,Đầm
Đầm Vải Jersey Mềm,784000.0,VND,5.0,1.0,3.0,Đầm
AIRism Đầm Bra | Không Tay,784000.0,VND,4.89,37.0,3.05,Đầm
Đầm Tay Phồng | Hoạ Tiết,980000.0,VND,5.0,31.0,3.03,Đầm
Đầm Tay Phồng,980000.0,VND,4.83,23.0,3.17,Đầm
Đầm Ren Dệt Kim,980000.0,VND,4.92,37.0,3.11,Đầm
AIRism Cotton Đầm Thun,588000.0,VND,4.9,226.0,3.14,Đầm
DRY-EX Áo Thun Cổ Tròn,391000.0,VND,4.79,242.0,3.13,Áo
Tất Cổ Ngắn | 3 Đôi | Thể Thao | Lót Lông,244000.0,VND,4.92,75.0,3.07,Tất
Tất Ẩn | 3 Đôi | Thể Thao,244000.0,VND,4.92,64.0,3.05,Tất
Tất Cổ Ngắn | 3 Đôi | Thể Thao,244000.0,VND,4.89,46.0,2.98,Tất
HEATTECH Khăn Choàng Giữ Nhiệt | Họa Tiết,489000.0,VND,5.0,13.0,3.15,Khăn
HEATTECH Khăn Choàng Giữ Nhiệt,489000.0,VND,4.92,12.0,3.0,Khăn
Mũ Lưỡi Trai/ Nón Chống UV (Chống Nắng),489000.0,VND,5.0,6.0,3.0,Nón/Mũ
AIRism Găng Tay Chống UV Không Đường May (Chống Nắng),244000.0,VND,4.83,103.0,3.14,Găng Tay
AIRism Áo Hai Dây,244000.0,VND,4.81,74.0,3.03,Áo
AIRism Quần Lót Không Đường May | Brief,146000.0,VND,4.84,1173.0,2.96,Quần
AIRism Quần Lót Không Đường May | Hiphugger,146000.0,VND,4.85,1290.0,3.0,Quần
HEATTECH Áo Thun Cổ Tròn,293000.0,VND,4.73,15.0,3.07,Áo
HEATTECH Áo Thun Giữ Nhiệt,293000.0,VND,4.89,369.0,3.02,Áo
HEATTECH Ultra Warm Áo Giữ Nhiệt | Cổ Cao,588000.0,VND,4.85,183.0,3.05,Áo
HEATTECH Extra Warm Áo Thun Giữ Nhiệt Len Pha Cashmere | Cổ Lọ,489000.0,VND,4.67,21.0,3.0,Áo
HEATTECH Extra Warm Áo Thun Giữ Nhiệt Len Pha Cashmere | Cổ Tròn,489000.0,VND,4.63,19.0,3.11,Áo
HEATTECH Tất Giữ Nhiệt | Vải Sợi Souffle,146000.0,VND,5.0,10.0,3.1,Tất
HEATTECH Tất Giữ Nhiệt | Cổ Ngắn,146000.0,VND,5.0,4.0,3.0,Tất
HEATTECH Tất Giữ Nhiệt | Lót Lông,146000.0,VND,5.0,6.0,3.0,Tất
HEATTECH Tất Giữ Nhiệt | Vặn Thừng,146000.0,VND,4.9,20.0,3.2,Tất
HEATTECH Tất Giữ Nhiệt | Fair Isle,146000.0,VND,4.83,6.0,3.0,Tất
HEATTECH Tất Giữ Nhiệt | Vải Gân,146000.0,VND,4.9,10.0,3.1,Tất
HEATTECH Tất Giữ Nhiệt | Fair Isle,146000.0,VND,4.88,8.0,3.0,Tất
HEATTECH Tất Giữ Nhiệt | Vặn Thừng,146000.0,VND,5.0,7.0,3.57,Tất
HEATTECH Tất Giữ Nhiệt,146000.0,VND,4.6,10.0,2.8,Tất
HEATTECH Tất Giữ Nhiệt | Dáng Relax,146000.0,VND,5.0,3.0,3.0,Tất
HEATTECH Tất Giữ Nhiệt | Crew Top Roll,146000.0,VND,4.29,14.0,3.29,Tất
HEATTECH Tất Giữ Nhiệt | Crew Mellow,146000.0,VND,4.8,46.0,3.07,Tất
Áo Ngực Không Gọng | 3D Hold,489000.0,VND,,,,Áo
Áo Ngực Không Gọng | 3D Hold,489000.0,VND,4.83,833.0,3.03,Áo
Áo Ngực Không Gọng | Relax | Cổ Rộng,489000.0,VND,4.92,154.0,3.04,Áo
Áo Ngực Không Gọng | Ren Co Giãn,489000.0,VND,4.82,230.0,2.99,Áo
AIRism Quần Lót Không Đường May | Cạp Cao,146000.0,VND,5.0,3.0,3.0,Quần
AIRism Quần Lót Không Đường May | Hiphugger,146000.0,VND,,,,Quần
Quần Lót | Hiphugger | Viền Ren,146000.0,VND,4.94,17.0,2.94,Quần
Quần Lót | Hiphugger | Kẻ Sọc,146000.0,VND,4.62,13.0,2.85,Quần
Quần Lót | Hiphugger,146000.0,VND,5.0,15.0,3.0,Quần
Quần Lót | Hiphugger,146000.0,VND,4.71,21.0,2.95,Quần
Quần Lót | Cạp Cao | Chấm Bi,146000.0,VND,4.88,8.0,3.0,Quần
Quần Lót | Cạp Cao | Họa Tiết Hoa Mini,146000.0,VND,5.0,6.0,3.0,Quần
Quần Lót | Cạp Cao | Họa Tiết Hoa,146000.0,VND,5.0,11.0,3.0,Quần
Quần Lót | Cạp Cao,146000.0,VND,4.95,21.0,3.05,Quần
Quần Lót | Cạp Cao | Viền Ren,146000.0,VND,4.83,23.0,3.09,Quần
Quần Lót | Cạp Cao,146000.0,VND,4.84,231.0,3.0,Quần
Quần Lót | Cạp Cao | Họa Tiết Hoa,146000.0,VND,,,,Quần
Quần Lót | Cạp Cao | Hoa Nhí,146000.0,VND,,,,Quần
Quần Lót | Hiphugger | Họa Tiết Hoa,146000.0,VND,,,,Quần
Quần Lót | Hiphugger | Chấm Bi,146000.0,VND,,,,Quần
Quần Định Hình Không Đường May | Nâng Đỡ,293000.0,VND,4.4,25.0,3.0,Quần
Quần Lót Bầu | Cạp Thấp,195000.0,VND,4.69,16.0,3.13,Quần
Tất Ẩn | 3 Đôi | Vải Dry Mắt Lưới,244000.0,VND,5.0,2.0,3.0,Tất
Tất Ẩn | 3 Đôi | Vải Mắt Lưới,244000.0,VND,4.81,32.0,3.09,Tất
Tất Ẩn | 3 Đôi | Lót Lông,244000.0,VND,4.85,82.0,3.04,Tất
Tất Ẩn | 3 Đôi | Dáng Khoét Sâu,244000.0,VND,4.43,58.0,3.17,Tất
Tất Ẩn | 3 Đôi,244000.0,VND,4.77,53.0,2.96,Tất
Tất Cổ Ngắn | 3 Đôi | Crochet,244000.0,VND,,,,Tất
Tất Ẩn | 3 Đôi,244000.0,VND,,,,Tất
Tất Cổ Ngắn | 3 Đôi | Mix Yarn,244000.0,VND,,,,Tất
Tất Cổ Ngắn | 3 Đôi | Vải Gân,244000.0,VND,5.0,19.0,3.0,Tất
Tất Cổ Ngắn | 3 Đôi,244000.0,VND,4.81,32.0,2.94,Tất
KAWS + Warhol Tất,97000.0,VND,4.93,57.0,2.98,Tất
KAWS + Warhol Tất,97000.0,VND,4.84,61.0,2.95,Tất
AIRism Cotton Bộ Pyjama | Họa Tiết,784000.0,VND,4.5,4.0,2.75,Bộ
AIRism Cotton Bộ Pyjama,784000.0,VND,4.83,12.0,3.08,Bộ
Quần Dài Vải Dạ,489000.0,VND,5.0,8.0,2.88,Quần
Quần Dài Vải Dạ,489000.0,VND,4.2,5.0,3.0,Quần
Quần Easy Vải Dạ Mềm,489000.0,VND,4.89,137.0,3.07,Quần
Túi Bán Nguyệt Mini Đeo Chéo | Lined,293000.0,VND,,,,Túi
Túi Bán Nguyệt Mini Đeo Chéo,293000.0,VND,,,,Túi
Túi Bán Nguyệt Mini Đeo Chéo,293000.0,VND,4.94,2053.0,3.03,Túi
Túi Đeo Chéo,391000.0,VND,4.91,57.0,3.05,Túi
Balo Đa Năng,980000.0,VND,4.88,40.0,3.05,Balo/Cặp
KAWS + Warhol Túi Tote Hai Kiểu Đeo,391000.0,VND,4.9,58.0,3.12,Túi
Túi Bán Nguyệt Đeo Chéo (Chần Bông),391000.0,VND,4.91,213.0,3.05,Túi
Túi Bán Nguyệt Mini Đeo Chéo (Vải Nhung Gân),293000.0,VND,5.0,1.0,3.0,Túi
Mũ Lưỡi Trai Đan Len Chống UV,489000.0,VND,4.94,16.0,2.94,Nón/Mũ
Mũ Bucket Chống UV (Chống Nắng),489000.0,VND,4.87,67.0,3.1,Nón/Mũ
HEATTECH Mũ Beanie Giữ Nhiệt Vải Souffle,244000.0,VND,4.91,11.0,2.91,Nón/Mũ
HEATTECH Mũ Beanie Giữ Nhiệt Vải Gân,244000.0,VND,4.94,34.0,3.09,Nón/Mũ
HEATTECH Khăn Choàng Giữ Nhiệt Chần Bông,489000.0,VND,4.89,38.0,3.0,Khăn
Thắt Lưng,686000.0,VND,4.74,46.0,3.09,Thắt Lưng
Thắt Lưng,686000.0,VND,4.85,27.0,3.11,Thắt Lưng
Thắt Lưng Dáng Skinny,686000.0,VND,4.81,42.0,3.07,Thắt Lưng
Ô Nhỏ Gọn (Chống Nắng),391000.0,VND,4.69,291.0,3.01,Khác
Kính Gọng Vuông Bản Lớn | Chống UV,489000.0,VND,4.5,6.0,3.0,Mắt Kính
Kính Gọng Oval Mắt Mèo | Chống UV,489000.0,VND,4.82,11.0,3.18,Mắt Kính
Mắt Kính Crown Panto Chống UV (Chống Nắng),489000.0,VND,4.83,6.0,2.83,Mắt Kính
HEATTECH Găng Tay Giữ Nhiệt Lót Lông,489000.0,VND,4.88,8.0,3.0,Găng Tay
HEATTECH Găng Tay Giữ Nhiệt Lót Lông,489000.0,VND,4.73,11.0,3.18,Găng Tay
HEATTECH Găng Tay Giữ Nhiệt Lót Lông,489000.0,VND,4.94,17.0,3.06,Găng Tay
HEATTECH Găng Tay Giữ Nhiệt Lót Lông,489000.0,VND,5.0,5.0,3.0,Găng Tay
HEATTECH Găng Tay Giữ Nhiệt Lót Lông,489000.0,VND,4.86,7.0,2.86,Găng Tay
HEATTECH Găng Tay Giữ Nhiệt,489000.0,VND,4.75,12.0,3.08,Găng Tay
Miracle Air Áo Khoác | Vải Wool-like,1471000.0,VND,4.83,281.0,3.03,Áo
Áo Khoác Denim Trucker,1275000.0,VND,4.94,31.0,3.16,Áo
Áo Khoác Thoải Mái,1471000.0,VND,5.0,15.0,3.47,Áo
Áo Khoác Len,1962000.0,VND,,,,Áo
Áo Khoác Thoải Mái 2B,1471000.0,VND,4.85,323.0,3.12,Áo
Áo Khoác Giả Lông Cừu Kéo Khóa,686000.0,VND,4.82,217.0,3.09,Áo
DRY-EX Áo Khoác Siêu Co Giãn | Chống UV,686000.0,VND,4.87,203.0,3.05,Áo
Áo Gile Phao Lông Vũ Siêu Nhẹ,980000.0,VND,4.94,18.0,3.28,Áo
Áo Khoác Phao Lông Vũ Siêu Nhẹ,1471000.0,VND,4.91,58.0,3.17,Áo
Áo Khoác Lông Vũ Siêu Nhẹ | Có Mũ,1471000.0,VND,4.45,11.0,3.0,Áo
Áo Khoác Lông Vũ Siêu Nhẹ | Có Mũ,1471000.0,VND,4.59,51.0,2.98,Áo
Áo Parka Hai Mặt,980000.0,VND,4.87,138.0,3.07,Áo
Áo Parka Chống UV Bỏ Túi | NANO Design,784000.0,VND,4.86,74.0,3.05,Áo
Áo Khoác BLOCKTECH | Có Mũ,1471000.0,VND,4.91,116.0,3.09,Áo
DRY-EX Áo Khoác Siêu Co Giãn | Chống UV,686000.0,VND,4.9,31.0,3.06,Áo
Seamless Down Áo Khoác | Có Mũ,2944000.0,VND,4.62,13.0,3.31,Áo
Áo Khóac Hybrid Down,2944000.0,VND,5.0,8.0,3.25,Áo
DRY-EX Áo Khoác Siêu Co Giãn | Chống UV,686000.0,VND,4.85,53.0,3.15,Áo
PUFFTECH Áo Khoác Chần Bông | Có Mũ,1471000.0,VND,4.9,58.0,3.17,Áo
AIRism Cotton Áo Thun Không Tay,391000.0,VND,4.87,780.0,3.08,Áo
Áo Thun Dry Cổ Tròn Nhiều Màu,146000.0,VND,4.84,556.0,3.05,Áo
AIRism Cotton Áo Thun | Kẻ Sọc,489000.0,VND,5.0,17.0,3.18,Áo
Áo Thun Vải Dạ Mềm Cổ Ba Phân,489000.0,VND,5.0,4.0,3.0,Áo
Áo Len Mềm Giả Lông Cừu Cổ Tròn,489000.0,VND,4.96,109.0,3.08,Áo
Áo Thun Soft Brushed Cổ Tròn,391000.0,VND,4.88,353.0,3.07,Áo
Áo Thun Vải Waffle,489000.0,VND,4.88,260.0,3.09,Áo
Áo Thun Vải Waffle | Cổ Henley,489000.0,VND,4.85,477.0,3.11,Áo
Áo Thun Cổ Tròn Dry Nhiều Màu,146000.0,VND,4.8,3557.0,3.04,Áo
SUPIMA COTTON Áo Thun Cổ Tròn,391000.0,VND,4.8,679.0,3.06,Áo
DRY-EX Áo Thun Cổ Tròn (Nhẹ),391000.0,VND,4.72,25.0,3.0,Áo
DRY-EX Áo Thun Cổ Tròn,391000.0,VND,4.68,37.0,3.05,Áo
DRY-EX Áo Thun Cổ Tròn,391000.0,VND,4.69,113.0,3.14,Áo
DRY-EX Áo Thun Cổ Tròn,391000.0,VND,4.8,87.0,3.1,Áo
UT KAWS + Warhol Áo Thun,391000.0,VND,4.89,37.0,3.05,Áo
UT KAWS + Warhol Áo Thun,391000.0,VND,4.91,88.0,3.09,Áo
UT KAWS + Warhol Áo Thun,391000.0,VND,4.92,53.0,2.96,Áo
KAWS + Warhol Áo Nỉ,784000.0,VND,4.89,27.0,3.41,Áo
UT KAWS + Warhol Áo Thun,391000.0,VND,4.92,98.0,3.08,Áo
UT PEANUTS Áo Thun Ngắn Tay,391000.0,VND,4.91,32.0,3.28,Áo
UT PEANUTS Áo Thun Ngắn Tay,391000.0,VND,4.81,21.0,3.14,Áo
UT PEANUTS Áo Thun | Dáng Rộng,391000.0,VND,4.67,3.0,3.0,Áo
UT ONE PIECE Anime 25th Áo Thun,391000.0,VND,4.93,42.0,3.07,Áo
UT NY POP ART Archive Áo Thun | Basquiat,391000.0,VND,5.0,8.0,3.0,Áo
UT NY POP ART Archive Áo Thun | Basquiat,391000.0,VND,5.0,2.0,4.5,Áo
UT NY POP ART Archive Áo Thun | Keith Haring,391000.0,VND,5.0,4.0,3.0,Áo
UT NY POP ART Archive Áo Thun | Andy Warhol,391000.0,VND,5.0,1.0,3.0,Áo
UT NY POP ART Archive Áo Thun,391000.0,VND,5.0,5.0,3.6,Áo
UT NY POP ART Archive Keith Haring Áo Thun Ngắn Tay,391000.0,VND,4.95,20.0,2.9,Áo
UT NY POP ART Archive Keith Haring Áo Thun Ngắn Tay,391000.0,VND,4.85,20.0,2.95,Áo
UT NY POP ART Archive Áo Thun,391000.0,VND,5.0,4.0,2.5,Áo
UT NYC POP ICONS Áo Thun Ngắn Tay (Basquiat),391000.0,VND,4.89,101.0,3.05,Áo
UT Studio Ghibli Áo Thun Ngắn Tay,391000.0,VND,4.8,5.0,3.4,Áo
UT UKIYO-E Archive Áo Thun Ngắn Tay,391000.0,VND,4.87,52.0,3.19,Áo
UT UKIYO-E Archive Áo Thun Ngắn Tay,391000.0,VND,4.91,43.0,3.02,Áo
UT UKIYO-E Archive Áo Thun Ngắn Tay,391000.0,VND,4.74,39.0,3.1,Áo
Ukiyoe Archive UT Áo Thun Ngắn Tay,391000.0,VND,4.64,44.0,3.09,Áo
Ukiyoe Archive UT Áo Thun Ngắn Tay,391000.0,VND,4.87,68.0,3.12,Áo
Áo Hoodie Vải Jersey Mềm Chui Đầu,980000.0,VND,5.0,5.0,3.2,Áo
Áo Nỉ Half-Zip,784000.0,VND,5.0,18.0,3.33,Áo
Áo Hoodie Nỉ Chui Đầu,784000.0,VND,,,,Áo
Áo Nỉ Có Mũ Chui Đầu,784000.0,VND,4.92,378.0,3.1,Áo
Áo Hoodie Nỉ Kéo Khóa,784000.0,VND,4.89,132.0,3.14,Áo
Áo Len Merino Cổ Tròn,784000.0,VND,4.8,152.0,3.01,Áo
Áo Len Lông Cừu Sợi Hai Màu,784000.0,VND,5.0,2.0,3.0,Áo
Áo Len Vải Milano Gân Có Thể Giặt Máy,784000.0,VND,4.98,55.0,3.0,Áo
Áo Sơ Mi Không Cần Ủi | Kẻ Sọc,784000.0,VND,,,,Áo
Áo Sơ Mi Không Cần Ủi Dáng Ôm | Vải Jersey,784000.0,VND,4.88,16.0,2.94,Áo
Áo Sơ Mi Không Cần Ủi Dáng Ôm,784000.0,VND,4.33,3.0,3.0,Áo
Áo Sơ Mi Không Cần Ủi Dáng Ôm | Vải Jersey,784000.0,VND,5.0,2.0,3.0,Áo
Áo Sơ Mi Không Cần Ủi Dáng Ôm | Button Down,784000.0,VND,5.0,1.0,3.0,Áo
Áo Sơ Mi Không Cần Ủi Dáng Ôm,784000.0,VND,5.0,2.0,3.0,Áo
Áo Sơ Mi Không Cần Ủi | Kẻ Sọc,784000.0,VND,5.0,10.0,3.3,Áo
Áo Sơ Mi Không Cần Ủi | Cổ Bẻ Rộng,784000.0,VND,4.88,245.0,3.07,Áo
Áo Sơ Mi Không Cần Ủi,784000.0,VND,4.78,23.0,3.04,Áo
Áo Sơ Mi Không Cần Ủi | Button Down,784000.0,VND,4.9,138.0,2.96,Áo
Áo Sơ Mi Dễ Chăm Sóc Co Giãn | Button Down,784000.0,VND,4.83,6.0,3.17,Áo
Áo Sơ Mi Dễ Chăm Sóc Co Giãn | Button Down,784000.0,VND,4.72,25.0,3.08,Áo
Áo Sơ Mi Dễ Chăm Sóc Co Giãn,784000.0,VND,4.85,84.0,3.13,Áo
Áo Sơ Mi Oxford,588000.0,VND,,,,Áo
Áo Sơ Mi Vải Broadcloth Dáng Rộng,784000.0,VND,4.47,15.0,3.27,Áo
Áo Sơ Mi Broadcloth | Button Down | Caro,588000.0,VND,5.0,4.0,2.75,Áo
Áo Sơ Mi Dáng Rộng Vải Twill,980000.0,VND,4.5,6.0,3.33,Áo
Áo Sơ Mi Vải Broadcloth | Button Down | Caro,588000.0,VND,,,,Áo
Áo Sơ Mi Vải Broadcloth | Button Down | Caro,588000.0,VND,5.0,3.0,3.67,Áo
Áo Sơ Mi Vải Broadcloth | Button Down | Caro,588000.0,VND,4.5,2.0,3.0,Áo
Áo Sơ Mi Vải Broadcloth | Button Down | Caro,588000.0,VND,5.0,3.0,3.0,Áo
Áo Sơ Mi Vải Broadcloth Dáng Rộng,784000.0,VND,5.0,15.0,3.4,Áo
Áo Sơ Mi Vải Broadcloth | Button Down | Caro,588000.0,VND,5.0,1.0,3.0,Áo
Áo Sơ Mi Vải Broadcloth | Button Down | Kẻ Sọc,588000.0,VND,4.67,3.0,2.33,Áo
Áo Sơ Mi Broadcloth | Button Down | Kẻ Sọc,588000.0,VND,5.0,3.0,3.0,Áo
Áo Khoác Kiểu Sơ Mi | Vải Jersey Denim,784000.0,VND,4.94,33.0,3.21,Áo
Áo Khoác Kiểu Sơ Mi Vải Jersey,784000.0,VND,5.0,31.0,2.87,Áo
Áo Sơ Mi Vải Oxford Dáng Ôm | Kẻ Sọc,588000.0,VND,5.0,4.0,3.0,Áo
Áo Sơ Mi Vải Oxford Dáng Ôm | Kẻ Sọc,588000.0,VND,4.76,79.0,2.96,Áo
Áo Sơ Mi Vải Oxford Dáng Ôm,588000.0,VND,4.84,100.0,3.0,Áo
Áo Sơ Mi Vải Linen Cao Cấp Dài Tay,980000.0,VND,4.83,40.0,3.05,Áo
Áo Sơ Mi Broadcloth | Button Down | Caro,588000.0,VND,4.88,33.0,3.03,Áo
Áo Sơ Mi Broadcloth | Button Down | Kẻ Sọc,588000.0,VND,4.92,61.0,3.18,Áo
Áo Sơ Mi Broadcloth | Button Down,588000.0,VND,4.69,137.0,3.06,Áo
Áo Sơ Mi Vải Cotton Linen | Cổ Trụ,588000.0,VND,5.0,8.0,3.13,Áo
Áo Sơ Mi Vải Cotton Modal | Cổ Mở | Họa Tiết,588000.0,VND,5.0,6.0,3.17,Áo
Áo Sơ Mi Vải Cotton Modal | Cổ Mở | Họa Tiết,588000.0,VND,5.0,6.0,2.67,Áo
Áo Sơ Mi Vải Cotton Modal | Cổ Mở | Họa Tiết,588000.0,VND,4.9,50.0,3.14,Áo
Áo Sơ Mi Vải Cotton Linen | Cổ Trụ,588000.0,VND,4.87,86.0,3.14,Áo
Áo Sơ Mi Vải Cotton Modal | Cổ Mở,588000.0,VND,4.86,248.0,3.21,Áo
Áo Sơ Mi Vải Broadcloth | Caro,588000.0,VND,,,,Áo
Áo Vải Denim Dáng Rộng,784000.0,VND,,,,Áo
Áo Sơ Mi Vải Twill Dáng Rộng,784000.0,VND,,,,Áo
DRY-EX Áo Polo,489000.0,VND,4.62,153.0,3.08,Áo
Áo Polo Vải Dry Pique,489000.0,VND,4.67,30.0,3.0,Áo
AIRism Cotton Áo Polo | Gài Nút,489000.0,VND,4.91,247.0,3.11,Áo
AIRism Cotton Áo Polo | Gài Nút,489000.0,VND,4.81,208.0,3.04,Áo
AIRism Cotton Áo Polo Vải Jersey | Cổ Mở,489000.0,VND,4.86,199.0,3.06,Áo
AIRism Cotton Áo Polo Vải Pique Ngắn Tay,489000.0,VND,4.78,506.0,3.05,Áo
AIRism Cotton Áo Polo | Gài Nút,489000.0,VND,4.8,182.0,3.07,Áo
Quần Jeans Dáng Rộng Ống Suông,980000.0,VND,4.88,97.0,3.13,Quần
Quần Dài Xếp Ly Dáng Rộng,784000.0,VND,4.82,11.0,3.27,Quần
Quần Dài Xếp Ly Dáng Rộng,784000.0,VND,5.0,5.0,3.0,Quần
Quần Dài Xếp Ly Ống Rộng,784000.0,VND,4.92,441.0,3.16,Quần
Quần Chino Dáng Rộng,784000.0,VND,4.91,66.0,3.38,Quần
Quần Parachute Dáng Rộng,784000.0,VND,4.96,27.0,3.37,Quần
Quần Dài Parachute Dáng Rộng,784000.0,VND,4.87,62.0,3.4,Quần
Quần Dài Geared,784000.0,VND,4.8,60.0,3.18,Quần
Quần Chino Dáng Slim Fit,784000.0,VND,4.75,490.0,3.08,Quần
Quần Jeans Siêu Co Giãn,980000.0,VND,4.93,15.0,3.13,Quần
EZY Quần Jeans Siêu Co Giãn,980000.0,VND,4.84,663.0,3.08,Quần
Quần Jeans Siêu Co Giãn Nhiều Màu,784000.0,VND,4.83,525.0,3.01,Quần
Quần Jeans Dáng Slim Fit,980000.0,VND,4.88,17.0,3.06,Quần
Quần Jeans Dáng Slim Fit,980000.0,VND,4.7,261.0,3.09,Quần
Quần Jeans Dáng Slim Fit (Co Giãn),980000.0,VND,4.61,264.0,3.0,Quần
Quần Jeans Siêu Co Giãn Nhiều Màu,784000.0,VND,5.0,5.0,3.4,Quần
Quần Cotton Dài Đến Mắt Cá | Vải Denim,588000.0,VND,4.91,151.0,3.12,Quần
Quần Co Giãn Dài Đến Mắt Cá | Vải Denim,588000.0,VND,4.94,35.0,3.14,Quần
Quần Dài Vải Linen Pha Dáng Relax,784000.0,VND,4.82,108.0,3.24,Quần
Quần Jogger Vải Jersey Túi Hộp | Indigo,588000.0,VND,5.0,3.0,3.0,Quần
Quần Jogger Vải Jersey,588000.0,VND,4.75,4.0,3.25,Quần
DRY-EX Quần Jogger Siêu Co Giãn,686000.0,VND,4.9,254.0,3.03,Quần
Quần Jogger Dài Vải Washed Jersey,588000.0,VND,4.82,85.0,3.14,Quần
Quần Vải Dạ Dài Đến Mắt Cá | Caro,686000.0,VND,4.86,7.0,3.29,Quần
Quần Vải Dạ Dài Đến Mắt Cá | Caro,686000.0,VND,,,,Quần
Quần Vải Dạ Dài Đến Mắt Cá | Caro,686000.0,VND,5.0,1.0,3.0,Quần
Quần Easy Vải Dạ Dài Đến Mắt Cá,686000.0,VND,5.0,9.0,3.22,Quần
Quần Thể Thao Co Giãn 2 Chiều | Chống UV,784000.0,VND,5.0,26.0,3.0,Quần
Quần Dài Thể Thao Co Giãn,784000.0,VND,4.92,12.0,3.25,Quần
DRY-EX Quần Dài Siêu Co Giãn Ống Ôm Dần,686000.0,VND,4.91,289.0,3.09,Quần
Quần Short Vải Jersey,391000.0,VND,4.71,14.0,3.21,Quần
Quần Dry Easy Short Co Giãn,391000.0,VND,4.9,456.0,3.05,Quần
Quần Smart Pants Dài Đến Mắt Cá | Vải Wool-like,784000.0,VND,4.88,554.0,3.04,Quần
Quần Smart Pants Dài Đến Mắt Cá | Vải Cotton-like,784000.0,VND,4.89,79.0,3.08,Quần
Quần Smart Pants Dài Đến Mắt Cá | Siêu Co Giãn,784000.0,VND,4.72,523.0,3.01,Quần
Quần Smart Pants Dài Đến Mắt Cá | Vải Nhung,784000.0,VND,,,,Quần
Miracle Air Quần Dài | Vải Cotton-like,980000.0,VND,4.83,107.0,3.04,Quần
Miracle Air Quần Dài| Vải Wool Like,980000.0,VND,4.82,445.0,3.04,Quần
Quần Shorts Co Giãn Dáng Slim Fit,588000.0,VND,4.72,36.0,3.06,Quần
Quần Shorts Co Giãn Dáng Slim Fit,588000.0,VND,4.85,345.0,3.02,Quần
Quần Shorts Gear,588000.0,VND,4.9,86.0,3.22,Quần
Quần Shorts Gear,588000.0,VND,4.88,353.0,3.05,Quần
Miracle Air Quần Shorts,784000.0,VND,4.84,25.0,3.04,Quần
Miracle Air Quần Shorts,784000.0,VND,4.88,171.0,3.08,Quần
DRY-EX Quần Short Siêu Co Giãn,489000.0,VND,4.88,346.0,3.05,Quần
Tất Lửng | Thể Thao,97000.0,VND,4.75,4.0,3.0,Tất
Tất Cổ Ngắn | Thể Thao,97000.0,VND,5.0,9.0,3.0,Tất
Tất Cổ Ngắn | Thể Thao | Lót Lông,97000.0,VND,4.84,107.0,2.96,Tất
HEATTECH Áo Thun Giữ Nhiệt | Kẻ Sọc,293000.0,VND,4.96,48.0,3.1,Áo
HEATTECH Quần Tất Giữ Nhiệt,293000.0,VND,4.86,92.0,3.03,Quần
HEATTECH Áo Giữ Nhiệt,293000.0,VND,4.89,122.0,3.04,Áo
HEATTECH Extra Warm Cotton Quần Tất Giữ Nhiệt,489000.0,VND,4.87,174.0,3.02,Quần
HEATTECH Extra Warm Cotton Áo Giữ Nhiệt,489000.0,VND,4.86,332.0,3.03,Áo
HEATTECH Ultra Warm Quần Tất Giữ Nhiệt,588000.0,VND,4.87,141.0,3.0,Quần
HEATTECH Ultra Warm Áo Giữ Nhiệt | Cổ Lọ,588000.0,VND,4.91,35.0,3.06,Áo
HEATTECH Ultra Warm Áo Giữ Nhiệt | Cổ Tròn,588000.0,VND,4.9,230.0,3.06,Áo
HEATTECH Tất Lửng Giữ Nhiệt | Giả Lông Cừu,146000.0,VND,5.0,1.0,3.0,Tất
HEATTECH Tất Lửng | Giả Lông Cừu,146000.0,VND,5.0,4.0,3.0,Tất
HEATTECH Tất Giữ Nhiệt | Wide Ribbed,146000.0,VND,5.0,4.0,3.0,Tất
HEATTECH Tất Giữ Nhiệt | Lót Lông,146000.0,VND,5.0,15.0,3.0,Tất
HEATTECH Tất Giữ Nhiệt | Lót Lông,146000.0,VND,4.81,36.0,2.97,Tất
HEATTECH Tất Lửng Giữ Nhiệt | Lót Lông,146000.0,VND,4.9,41.0,3.12,Tất
HEATTECH Tất Giữ Nhiệt | Lót Lông,146000.0,VND,4.94,18.0,3.06,Tất
Quần Trunks | Kẻ Sọc,146000.0,VND,4.88,8.0,3.25,Quần
Quần Trunks | Họa Tiết,146000.0,VND,5.0,13.0,2.69,Quần
Quần Trunks | Caro,146000.0,VND,4.33,6.0,3.0,Quần
Quần Lót Boxer Brief | Cạp Thấp | Họa Tiết,146000.0,VND,5.0,6.0,3.17,Quần
Quần Lót Boxer Brief | Họa Tiết,146000.0,VND,5.0,15.0,3.0,Quần
Quần Lót Boxer Brief | Họa Tiết,146000.0,VND,4.91,11.0,3.0,Quần
Quần Lót Boxer Brief | Kẻ Sọc,146000.0,VND,4.92,12.0,3.0,Quần
Quần Lót Boxer Brief | Cạp Thấp,146000.0,VND,5.0,14.0,3.07,Quần
Quần Lót Boxer Brief | Waist Striped,146000.0,VND,4.87,30.0,3.2,Quần
Quần Trunks,146000.0,VND,5.0,14.0,3.0,Quần
Quần Lót Boxer Brief,146000.0,VND,4.94,108.0,2.95,Quần
Quần Lót Trunk Dệt Kẻ Caro,146000.0,VND,4.8,25.0,3.0,Quần
Quần Trunks | Kẻ Sọc,146000.0,VND,4.91,35.0,3.11,Quần
Quần Trunks | Broadcloth,146000.0,VND,4.75,117.0,3.06,Quần
AIRism Quần Lót Boxer Brief | Cạp Thấp,244000.0,VND,4.83,6.0,3.0,Quần
AIRism Quần Lót Boxer Brief | Họa Tiết,244000.0,VND,4.29,7.0,3.0,Quần
AIRism Quần Lót Boxer Brief | Họa Tiết,244000.0,VND,4.86,14.0,3.0,Quần
AIRism Quần Lót Boxer Brief | Heather,244000.0,VND,4.87,15.0,3.0,Quần
AIRism Quần Lót Boxer Brief,244000.0,VND,4.92,159.0,3.01,Quần
AIRism Quần Lót Boxer Brief | Cạp Thấp,244000.0,VND,4.83,66.0,2.95,Quần
AIRism Quần Lót Boxer Briefs Không Đường May,244000.0,VND,4.83,368.0,3.05,Quần
Quần Lót Dáng Trunk Dệt In Hình,146000.0,VND,4.77,98.0,3.06,Quần
AIRism Cotton Áo Thun Cổ Tròn,244000.0,VND,4.83,459.0,3.04,Áo
AIRism Áo Thun | Cổ Tròn,244000.0,VND,4.74,275.0,2.94,Áo
AIRism Áo Thun | Cổ V,244000.0,VND,4.78,129.0,3.02,Áo
AIRism Áo Ba Lỗ Vải Mắt Lưới,244000.0,VND,4.78,92.0,2.96,Áo
AIRism Quần Lót Boxer Brief Không Đường May,244000.0,VND,4.83,23.0,3.0,Quần
AIRism Quần Lót Boxer Không Đường May,244000.0,VND,4.76,112.0,2.97,Quần
AIRism Quần Lót Boxer Không Đường May,244000.0,VND,4.78,187.0,3.01,Quần
Tất Cổ Thấp | Lót Lông,97000.0,VND,4.91,213.0,3.0,Tất
Tất Cổ Thấp | Middle cut,97000.0,VND,5.0,11.0,3.0,Tất
Tất Cổ Ngắn | Lót Lông,97000.0,VND,4.5,6.0,2.83,Tất
Tất Cổ Ngắn | Layered,97000.0,VND,5.0,2.0,3.0,Tất
Tất Cổ Thấp,97000.0,VND,5.0,8.0,3.38,Tất
Tất Cổ Ngắn | Vải Gân,97000.0,VND,4.82,51.0,3.04,Tất
Tất Cổ Ngắn | Vải Mắt Lưới | Họa Tiết,97000.0,VND,4.86,113.0,2.96,Tất
Tất Lửng | Lót Lông,97000.0,VND,4.86,42.0,3.0,Tất
Tất Lửng | Slub Lined,97000.0,VND,5.0,4.0,3.0,Tất
HEATTECH Tất Lửng | Lót Lông | Loại Mềm,146000.0,VND,4.73,11.0,2.82,Tất
Tất | Lót Lông,97000.0,VND,5.0,8.0,3.38,Tất
Tất | Vặn Thừng,97000.0,VND,5.0,3.0,3.0,Tất
Tất | Lót Lông,97000.0,VND,5.0,8.0,3.0,Tất
Tất | Kẻ Sọc,97000.0,VND,4.5,2.0,3.0,Tất
Tất | 2 Màu,97000.0,VND,4.63,8.0,2.88,Tất
Tất | Kẻ Sọc,97000.0,VND,5.0,15.0,3.0,Tất
SUPIMA COTTON Tất | Wide Ribbed,97000.0,VND,4.9,86.0,3.05,Tất
Tất | Argyle,97000.0,VND,5.0,11.0,2.91,Tất
SUPIMA COTTON Tất | Vải Pique,97000.0,VND,4.86,87.0,3.02,Tất
Tất Nhiều Màu,77000.0,VND,4.89,313.0,3.04,Tất
HEATTECH Tất Giữ Nhiệt | Fair Isle,146000.0,VND,4.75,8.0,3.5,Tất
Túi Vải Tái Chế (Cotton),57000.0,VND,4.94,142.0,3.12,Túi
Túi Quà Tặng,77000.0,VND,4.92,234.0,3.07,Túi
Thắt Lưng Da Ý,686000.0,VND,4.75,4.0,3.0,Thắt Lưng
Thắt Lưng Da Ý,686000.0,VND,4.53,15.0,3.13,Thắt Lưng
Thắt Lưng Da Ý,686000.0,VND,4.88,25.0,3.08,Thắt Lưng
Thắt Lưng Da Ý,686000.0,VND,4.81,21.0,3.14,Thắt Lưng
Thắt Lưng Da Mắt Lưới Bản Rộng,686000.0,VND,4.74,57.0,2.98,Thắt Lưng
Áo Khoác Nỉ Stadium,784000.0,VND,5.0,28.0,3.04,Áo
Áo Hoodie Vải Nỉ Dry Siêu Co Giãn Kéo Khóa,489000.0,VND,4.95,128.0,3.07,Áo
PUFFTECH Áo Khoác Kiểu Sơ Mi Chần Bông,784000.0,VND,4.8,5.0,3.4,Áo
PUFFTECH Áo Gile Chần Bông Có Thể Giặt Máy,588000.0,VND,5.0,1.0,3.0,Áo
PUFFTECH Áo Khoác Chần Bông Có Thể Giặt Máy | Có Mũ,980000.0,VND,4.93,14.0,3.0,Áo
PUFFTECH Áo Khoác Chần Bông Có Thể Giặt Máy | Có Mũ,980000.0,VND,4.89,106.0,3.08,Áo
Áo Khoác Chống UV Bỏ Túi | Có Mũ | Line,588000.0,VND,5.0,5.0,3.0,Áo
Áo Khoác Đa Năng,784000.0,VND,4.96,26.0,3.04,Áo
Hybrid Down Áo Parka,1471000.0,VND,5.0,6.0,3.0,Áo
Áo Khoác Chống UV Bỏ Túi | Có Mũ | 2 Màu,588000.0,VND,5.0,7.0,3.0,Áo
AIRism Áo Khoác Chống UV Vải Mắt Lưới,489000.0,VND,4.97,35.0,3.11,Áo
AIRism Áo Khoác Chống UV Vải Mắt Lưới,489000.0,VND,4.94,72.0,3.08,Áo
Áo Parka Chống UV Bỏ Túi | Chống Nắng,588000.0,VND,4.87,46.0,3.15,Áo
Áo Khoác Giả Lông Cừu Kéo Khóa | 2 Màu,489000.0,VND,4.67,3.0,3.0,Áo
Áo Khoác Giả Lông Cừu Kéo Khóa,489000.0,VND,5.0,3.0,3.0,Áo
Áo Khoác Giả Lông Cừu Loại Dày Kéo Khóa,489000.0,VND,4.89,198.0,3.06,Áo
Áo Nỉ Siêu Co Giãn | Họa Tiết,391000.0,VND,5.0,2.0,3.0,Áo
Áo Nỉ Siêu Co Giãn | Họa Tiết,391000.0,VND,,,,Áo
Áo Nỉ Siêu Co Giãn | Họa Tiết,391000.0,VND,5.0,3.0,3.0,Áo
mofusand Áo Hoodie Nỉ,489000.0,VND,,,,Áo
Áo Hoodie Nỉ Dry Kéo Khóa,489000.0,VND,5.0,17.0,3.24,Áo
Áo Hoodie Nỉ Dry Kéo Khóa,489000.0,VND,5.0,22.0,3.23,Áo
Sanrio Áo Nỉ Half-Zip,489000.0,VND,4.9,10.0,2.8,Áo
Sanrio Áo Nỉ Half-Zip,489000.0,VND,4.77,13.0,3.08,Áo
Sanrio Áo Nỉ Half-Zip,489000.0,VND,4.92,13.0,3.08,Áo
Áo Len Vải Sợi Souffle | Vặn Thừng,489000.0,VND,,,,Áo
Áo Len Vải Sợi Souffle | Kẻ Sọc,489000.0,VND,5.0,1.0,4.0,Áo
Áo Len Sợi Souffle,489000.0,VND,5.0,3.0,3.33,Áo
Áo Len Cardigan Sợi Souffle,489000.0,VND,4.92,51.0,3.1,Áo
Áo Thun Vải Dạ Mềm,293000.0,VND,5.0,30.0,3.1,Áo
Áo Thun Vải Gân Viền Nhún,244000.0,VND,4.96,23.0,3.04,Áo
Áo Thun Vải Dạ Mềm Cổ Tròn | Kẻ Sọc,293000.0,VND,4.97,58.0,3.22,Áo
AIRism Cotton Áo Thun In Họa Tiết | Ringer,244000.0,VND,5.0,4.0,3.0,Áo
AIRism Cotton Áo Thun In Họa Tiết | Ringer,244000.0,VND,5.0,9.0,3.11,Áo
AIRism Cotton Áo Thun In Họa Tiết | Raglan,244000.0,VND,5.0,13.0,3.0,Áo
AIRism Cotton Áo Thun Xếp Nếp,244000.0,VND,4.81,32.0,2.94,Áo
AIRism Cotton Áo Thun In Họa Tiết,244000.0,VND,5.0,16.0,3.19,Áo
AIRism Cotton Áo Thun In Họa Tiết | Raglan,244000.0,VND,4.88,103.0,3.04,Áo
AIRism Cotton Áo Thun In Họa Tiết | Raglan,244000.0,VND,5.0,23.0,2.91,Áo
AIRism Cotton Áo Thun In Họa Tiết | Raglan,244000.0,VND,4.85,55.0,3.05,Áo
AIRism Cotton Áo Thun Cổ Tròn | Kẻ Sọc,244000.0,VND,4.95,107.0,3.16,Áo
AIRism Cotton Áo Thun Cổ Tròn | Kẻ Sọc,244000.0,VND,4.94,127.0,3.13,Áo
AIRism Cotton Áo Thun Cổ Tròn,244000.0,VND,4.92,452.0,3.08,Áo
Áo Polo Vải Dry Pique | Kẻ Sọc,391000.0,VND,5.0,4.0,3.5,Áo
Áo Polo Vải Dry Pique,391000.0,VND,,,,Áo
Áo Polo Vải Dry Pique | Kẻ Sọc,391000.0,VND,,,,Áo
Áo Polo Vải Dry Vải Pique | Thêu Họa Tiết,391000.0,VND,4.79,48.0,3.13,Áo
Áo Polo Vải Dry Vải Pique | Họa Tiết,391000.0,VND,4.86,14.0,3.07,Áo
Áo Polo Vải Dry Vải Pique | Kẻ Sọc,391000.0,VND,4.83,42.0,3.05,Áo
UT KAWS + Warhol Áo Thun,244000.0,VND,4.95,43.0,3.14,Áo
UT KAWS + Warhol Áo Thun,244000.0,VND,4.95,38.0,3.11,Áo
KAWS + Warhol Áo Nỉ,391000.0,VND,5.0,7.0,3.14,Áo
Áo Thun Vải Gân Mềm Dáng Mini,244000.0,VND,,,,Áo
Áo Thun Vải Gân Dáng Mini,244000.0,VND,,,,Áo
KAWS + Warhol Áo Nỉ,391000.0,VND,5.0,16.0,3.06,Áo
UT KAWS + Warhol Áo Thun,244000.0,VND,4.93,43.0,3.19,Áo
UT Sanrio Characters Áo Thun | Dáng Lửng,244000.0,VND,5.0,6.0,3.17,Áo
UT Sanrio Characters Áo Thun | Dáng Lửng,244000.0,VND,4.94,17.0,3.06,Áo
UT MAGIC FOR ALL x Yu Nagaba Áo Thun,244000.0,VND,5.0,13.0,3.08,Áo
UT MAGIC FOR ALL x Yu Nagaba Áo Thun,244000.0,VND,5.0,4.0,3.5,Áo
UT Sanrio Characters Cropped Áo Thun,244000.0,VND,5.0,8.0,3.0,Áo
UT MAGIC FOR ALL x Yu Nagaba Áo Thun,244000.0,VND,5.0,15.0,3.13,Áo
UT NY POP ART Áo Thun | Basquiat,249000.0,VND,5.0,1.0,3.0,Áo
UT NY POP ART Áo Thun | Keith,244000.0,VND,,,,Áo
UT NY POP ART Áo Thun | Basquiat,249000.0,VND,,,,Áo
UT NY POP ART Áo Thun | Andy Warhol,249000.0,VND,,,,Áo
UT NY POP ART Áo Thun | Andy Warhol,244000.0,VND,,,,Áo
KAWS + Warhol Quần Nỉ,391000.0,VND,5.0,7.0,3.0,Quần
KAWS + Warhol Quần Nỉ,391000.0,VND,4.88,8.0,3.13,Quần
KAWS + Warhol Áo Khoác Coach,784000.0,VND,5.0,13.0,3.08,Áo
Áo Sơ Mi Vải Dạ | Caro,489000.0,VND,5.0,5.0,3.0,Áo
Áo Sơ Mi Vải Dạ | Caro,489000.0,VND,,,,Áo
Áo Sơ Mi Vải Dạ | Caro,489000.0,VND,4.75,4.0,3.75,Áo
Áo Sơ Mi Vải Dạ | Caro,489000.0,VND,5.0,1.0,3.0,Áo
Quần Parachute Túi Hộp | Vải Denim,489000.0,VND,5.0,9.0,3.33,Quần
Quần Dài Xếp Ly Ống Rộng,489000.0,VND,5.0,45.0,3.16,Quần
Quần Vải Gân Dáng Rộng,391000.0,VND,4.97,35.0,3.14,Quần
Quần Ống Rộng Xếp Ly | Vải Denim,489000.0,VND,4.88,17.0,3.18,Quần
Quần Dài Parachute Túi Hộp (Cargo),489000.0,VND,4.92,169.0,3.11,Quần
Quần Nỉ Dry | Kẻ Sọc,391000.0,VND,4.86,7.0,3.29,Quần
Quần Nỉ Dry,391000.0,VND,5.0,10.0,3.1,Quần
Quần Jeans Dáng Rộng | Kéo Khóa,489000.0,VND,4.94,98.0,3.09,Quần
Quần Jeans Dáng Rộng | Lưng Thun | Vải Denim,489000.0,VND,4.86,7.0,3.29,Quần
Quần Jogger Dáng Relax,391000.0,VND,5.0,21.0,3.0,Quần
AIRism Quần Jogger Siêu Co Giãn,391000.0,VND,4.98,81.0,3.01,Quần
Quần Váy Dáng Mini | Caro,489000.0,VND,4.94,16.0,3.06,Quần
Quần Váy Dáng Mini | Caro,489000.0,VND,5.0,21.0,3.14,Quần
Quần Váy Mini,391000.0,VND,4.88,33.0,3.06,Quần
Quần Váy Mini,391000.0,VND,4.94,16.0,3.06,Quần
Quần Váy Dry Vải Nỉ,391000.0,VND,4.98,162.0,3.07,Quần
Quần Short Gear,293000.0,VND,4.9,50.0,3.26,Quần
Quần Easy Shorts | Họa Tiết,293000.0,VND,4.86,7.0,2.71,Quần
Quần Easy Short,293000.0,VND,4.86,109.0,3.18,Quần
Quần Shorts Vải Denim | Damaged,293000.0,VND,4.92,25.0,2.96,Quần
Quần Easy Short Nhiều Màu,293000.0,VND,4.89,54.0,3.07,Quần
Quần Short Vải Denim,293000.0,VND,4.89,45.0,3.09,Quần
Đầm Hai Dây,489000.0,VND,5.0,7.0,3.0,Đầm
Đầm Kiểu Kết Hợp,489000.0,VND,5.0,1.0,3.0,Đầm
Đầm Kẻ Caro,489000.0,VND,4.67,6.0,3.33,Đầm
AIRism Áo Ba Lỗ Vải Mắt Lưới,146000.0,VND,5.0,32.0,3.19,Áo
AIRism Áo Hai Dây Vải Pha Cotton | Họa Tiết,146000.0,VND,5.0,6.0,3.0,Áo
AIRism Áo Hai Dây Cotton Pha,146000.0,VND,4.79,24.0,3.17,Áo
AIRism Quần Lót Boxer Brief | 3 Chiếc,244000.0,VND,5.0,5.0,2.8,Quần
AIRism Áo Bra,391000.0,VND,4.92,302.0,3.03,Áo
AIRism Quần Lót Boxer Không Đường May | 3 Chiếc,244000.0,VND,4.78,23.0,3.17,Quần
HEATTECH Extra Warm Cotton Áo Giữ Nhiệt | Cổ Tròn,293000.0,VND,4.9,20.0,3.05,Áo
HEATTECH Extra Warm Cotton Quần Leggings Giữ Nhiệt,293000.0,VND,4.75,12.0,3.08,Quần
HEATTECH Ultra Warm Quần Legging Giữ Nhiệt,391000.0,VND,4.83,24.0,2.88,Quần
HEATTECH Ultra Warm Áo Giữ Nhiệt | Cổ Tròn,391000.0,VND,4.88,52.0,3.06,Áo
Quần Lót Vải Cotton Co Giãn | 3 Chiếc | Cherry,244000.0,VND,,,,Quần
Quần Lót Vải Cotton Co Giãn | 3 Chiếc | Heart,244000.0,VND,,,,Quần
Quần Lót Vải Cotton Co Giãn | 3 Chiếc,244000.0,VND,4.86,7.0,3.43,Quần
Quần Lót Boxer Brief | 3 Chiếc,244000.0,VND,5.0,11.0,2.91,Quần
Quần Lót Boxer Brief | 3 Chiếc,244000.0,VND,5.0,21.0,3.0,Quần
Quần Lót Boxer Brief | 3 Chiếc | Kẻ Sọc,244000.0,VND,4.88,41.0,3.07,Quần
Quần Lót Boxer Brief | 3 Chiếc | Kẻ Sọc,244000.0,VND,4.88,24.0,2.96,Quần
Quần Lót Boxer Brief | 3 Chiếc,244000.0,VND,4.9,48.0,3.06,Quần
BÉ GÁI QUẦN LÓT,244000.0,VND,,,,Quần
Quần Lót | 3 Chiếc,244000.0,VND,5.0,4.0,3.0,Quần
Quần Lót | 3 Chiếc,244000.0,VND,4.87,15.0,3.07,Quần
Tất Cổ Ngắn | 3 Đôi,146000.0,VND,5.0,6.0,3.33,Tất
Tất Cổ Ngắn | 3 Đôi | Kẻ Sọc,146000.0,VND,5.0,1.0,3.0,Tất
Tất Cổ Ngắn | 3 Đôi | Vải Mắt Lưới,146000.0,VND,5.0,2.0,3.5,Tất
Tất Cổ Ngắn | 3 Đôi | Nâng Đỡ,146000.0,VND,3.67,3.0,2.33,Tất
Tất Cổ Ngắn | 3 Đôi,146000.0,VND,5.0,10.0,3.0,Tất
Tất Cổ Ngắn | 3 Đôi,146000.0,VND,4.79,19.0,2.95,Tất
Tất Cổ Ngắn | 3 Đôi | Reflect,146000.0,VND,4.67,6.0,3.17,Tất
AIRism Bộ Mặc Nhà Siêu Co Giãn,489000.0,VND,,,,Bộ
AIRism Bộ Mặc Nhà Siêu Co Giãn | 2 Màu,489000.0,VND,,,,Bộ
Bộ Mặc Nhà Siêu Co Giãn,489000.0,VND,,,,Bộ
Bộ Mặc Nhà Siêu Co Giãn | Kẻ Sọc,489000.0,VND,,,,Bộ
HEATTECH Găng Tay Len Giữ Nhiệt | Vặn Thừng,244000.0,VND,,,,Găng Tay
HEATTECH Găng Tay Len Giữ Nhiệt,244000.0,VND,5.0,1.0,3.0,Găng Tay
HEATTECH Mũ Len Giữ Nhiệt | Vặn Thừng,244000.0,VND,5.0,5.0,3.2,Nón/Mũ
HEATTECH Mũ Len Giữ Nhiệt,244000.0,VND,4.0,1.0,3.0,Nón/Mũ
Đồ Liền Mảnh | Vải Gân | Kẻ Sọc,293000.0,VND,5.0,10.0,3.1,Khác
Đồ Liền Mảnh | Vải Gân,293000.0,VND,5.0,3.0,3.0,Khác
Bộ Đồ Liền Mảnh | Không Tay,293000.0,VND,,,,Bộ
Lisa Larson Bộ Bodysuit,146000.0,VND,5.0,2.0,3.0,Bộ
Lisa Larson Bộ Bodysuit,146000.0,VND,,,,Bộ
Lisa Larson Bộ Bodysuit,146000.0,VND,5.0,1.0,3.0,Bộ
Bộ Bodysuit,146000.0,VND,,,,Bộ
Bộ Bodysuit | Pointelle,146000.0,VND,5.0,1.0,3.0,Bộ
Bộ Bodysuit | Pointelle,146000.0,VND,5.0,2.0,3.5,Bộ
Bộ Bodysuit | Kẻ Sọc,146000.0,VND,5.0,6.0,3.0,Bộ
Bộ Bodysuit | Họa Tiết,146000.0,VND,4.5,4.0,3.0,Bộ
Tất | 3 Đôi,146000.0,VND,4.91,11.0,2.91,Tất
Tất Cổ Ngắn | 3 Đôi,146000.0,VND,5.0,3.0,3.0,Tất
Áo Gi Lê Lót Lông Giả Lông Cừu,391000.0,VND,5.0,1.0,3.0,Áo
Áo Khoác Giả Lông Cừu Loại Dày Khóa Kéo,489000.0,VND,5.0,1.0,3.0,Áo
Áo Khoác Giả Lông Cừu Loại Dày Kéo Khóa,489000.0,VND,,,,Áo
Áo Cardigan Len Sợi Souffle | Kẻ Sọc,391000.0,VND,,,,Áo
Áo Cardigan Len Sợi Souffle,391000.0,VND,,,,Áo
AIRism Áo Hoodie Chống Tia UV Vải Mắt Lưới (Chống Nắng),391000.0,VND,4.89,9.0,3.0,Áo
PUFFTECH Áo Khoác Chần Bông Kéo Khóa Có Thể Giặt Máy,784000.0,VND,5.0,6.0,3.0,Áo
Áo Thun Cổ Tròn,244000.0,VND,5.0,2.0,3.0,Áo
Áo Thun Cổ Tròn | Frill,244000.0,VND,5.0,2.0,3.0,Áo
Áo Thun Cổ Tròn | Kẻ Sọc,244000.0,VND,5.0,2.0,3.0,Áo
HEATTECH Áo Giữ Nhiệt | Cổ Rộng,195000.0,VND,4.88,33.0,3.03,Áo
Áo Thun Dry Cổ Tròn | Họa Tiết,195000.0,VND,,,,Áo
Áo Thun Dry Cổ Tròn,195000.0,VND,,,,Áo
Áo Ba Lỗ Vải Cotton Mắt Lưới | 2 Chiếc,195000.0,VND,4.9,31.0,3.06,Áo
Áo Thun Dry Nhiều Màu | In Họa Tiết,195000.0,VND,4.92,13.0,3.08,Áo
Áo Thun Dry Nhiều Màu | Kẻ Sọc,195000.0,VND,4.64,14.0,3.0,Áo
Áo Thun Cổ Tròn Vải Dry,195000.0,VND,4.95,19.0,3.32,Áo
Áo Thun Cổ Tròn Vải Dry | Họa Tiết,195000.0,VND,5.0,1.0,3.0,Áo
Áo Ba Lỗ Vải Cotton Mắt Lưới | 2 Chiếc,195000.0,VND,5.0,2.0,3.0,Áo
Lisa Larson Bộ Pyjama,391000.0,VND,5.0,1.0,3.0,Bộ
Lisa Larson Bộ Pyjama,391000.0,VND,5.0,2.0,3.0,Bộ
Lisa Larson Bộ Pyjama,391000.0,VND,,,,Bộ
Sesame Street Bộ Pyjama Vải Dry,391000.0,VND,5.0,1.0,3.0,Bộ
Sesame Street Bộ Pyjama Vải Dry,391000.0,VND,5.0,2.0,3.0,Bộ
Sesame Street Bộ Pyjama Vải Dry,391000.0,VND,,,,Bộ
Quần Leggings Giả Lông Cừu | Họa Tiết,195000.0,VND,5.0,4.0,3.0,Quần
Quần Legging Giả Lông Cừu,195000.0,VND,4.92,13.0,3.15,Quần
Quần Leggings Lửng | Dáng Relax | Họa Tiết,146000.0,VND,,,,Quần
Quần Leggings | Dáng Relax,146000.0,VND,,,,Quần
Quần Leggings | Họa TIết,146000.0,VND,,,,Quần
AIRism Quần Leggings Lửng | Dáng Relax,146000.0,VND,,,,Quần
AIRism Quần Leggings Lửng | Họa Tiết,146000.0,VND,,,,Quần
Quần Leggings | Dáng Relax | Họa Tiết,146000.0,VND,5.0,15.0,3.07,Quần
Quần Leggings | Dáng Relax | Vải Denim-like,146000.0,VND,4.67,3.0,3.0,Quần
Quần Leggings | Vải Gân | Họa Tiết,146000.0,VND,5.0,4.0,2.75,Quần
Quần Leggings | Vải Waffle,146000.0,VND,5.0,17.0,3.18,Quần
Quần Leggings | Vải Nhung,146000.0,VND,4.64,14.0,3.07,Quần
Quần Leggings | Vải Gân,146000.0,VND,4.92,37.0,3.03,Quần
Quần Leggings | Dáng Relax | Vải Denim-like,146000.0,VND,4.89,54.0,3.11,Quần
Quần Leggings | Vải Denim-like,146000.0,VND,4.89,138.0,3.08,Quần
Quần Legging,146000.0,VND,4.98,50.0,3.06,Quần
Quần Leggings Lửng | Dáng Relax | Họa Tiết,146000.0,VND,5.0,4.0,3.0,Quần
Quần Leggings Lửng | Dáng Relax | AIRism,146000.0,VND,4.94,18.0,3.22,Quần
Quần Leggings Lửng | Dáng Relax,146000.0,VND,4.83,29.0,3.07,Quần
Quần Leggings Lửng | Vải Denim-like,146000.0,VND,4.81,54.0,3.17,Quần
Quần Easy Shorts | Họa Tiết,244000.0,VND,,,,Quần
Quần Easy Shorts | Denim,244000.0,VND,4.67,3.0,3.0,Quần
Quần Easy Shorts,244000.0,VND,5.0,8.0,3.0,Quần
Bộ Pyjama Vải Dry,391000.0,VND,5.0,3.0,3.67,Bộ
Bộ Pyjama Vải Dry,391000.0,VND,4.92,12.0,3.08,Bộ
Bộ Pyjama Chần Bông | Họa Tiết,489000.0,VND,,,,Bộ
PUFFTECH Áo Khoác Dáng Sơ Mi,1962000.0,VND,,,,Áo
NỮ ÁO THUN TAY DÀI,391000.0,VND,,,,Áo
AIRism Áo Thun Vải Cotton,391000.0,VND,5.0,6.0,2.83,Áo
Áo Polo Vải Len Dệt 3D,588000.0,VND,4.81,106.0,3.12,Áo
UT Mickey Mouse in Vietnam Áo Thun,391000.0,VND,,,,Áo
Áo Len Dệt 3D Vải Cotton Dáng Relax | Cổ V,686000.0,VND,,,,Áo
Áo Khoác Len Dáng Ngắn,784000.0,VND,,,,Áo
Áo Cardigan Merino Cổ V Dáng Rộng,980000.0,VND,,,,Áo
Áo Len Merino Cổ Tròn,784000.0,VND,,,,Áo
Áo Kiểu Diềm Nhún,588000.0,VND,,,,Áo
Đầm Bra Vải Crepe Jersey,784000.0,VND,,,,Đầm
Áo Ngực Không Gọng | Thể Thao,489000.0,VND,,,,Áo
HEATTECH Tất,146000.0,VND,,,,Tất
Quần Cotton Dáng Relax Dài Đến Mắt Cá | Kẻ Sọc,489000.0,VND,,,,Quần
Túi Đeo Chéo,391000.0,VND,,,,Túi
Túi Nhỏ Tiện Dụng,391000.0,VND,,,,Túi
HEATTECH Mũ Len,391000.0,VND,,,,Nón/Mũ
HEATTECH Khăn Choàng Đan Len,588000.0,VND,,,,Khăn
HEATTECH Găng Tay Len (Mitten),391000.0,VND,,,,Găng Tay
DRY-EX Áo Thun | Họa Tiết,391000.0,VND,,,,Áo
DRY-EX Áo Thun | Mapping,391000.0,VND,5.0,6.0,2.67,Áo
UNIQLO LOGO Áo Thun,391000.0,VND,,,,Áo
UNIQLO LOGO Áo Nỉ,784000.0,VND,,,,Áo
Áo Sơ Mi Vải Dạ | Caro,588000.0,VND,4.8,5.0,3.6,Áo
ÁO SƠ-MI VẢI DẠ,588000.0,VND,5.0,2.0,4.0,Áo
ÁO SƠ-MI VẢI DẠ,588000.0,VND,4.0,2.0,3.0,Áo
Áo Sơ Mi Vải Cotton Modal | Cổ Mở,588000.0,VND,,,,Áo
Áo Sơ Mi Vải Cotton Linen Cổ Trụ | Kẻ Sọc,588000.0,VND,,,,Áo
Áo Sơ Mi Vải Cotton Linen Cổ Trụ,588000.0,VND,,,,Áo
Áo Sơ Mi Vải Cotton Modal | Cổ Mở | Họa Tiết,588000.0,VND,,,,Áo
Quần Jeans Dáng Suông Ống Rộng,980000.0,VND,,,,Quần
Quần Dài Vải Pha Linen Dáng Relax | Kẻ Sọc,784000.0,VND,,,,Quần
Quần Dài Vải Pha Linen Dáng Relax,784000.0,VND,,,,Quần
Miracle Air Quần Shorts | Họa Tiết,784000.0,VND,,,,Quần
Áo Khoác Kéo Khóa Dáng Ngắn,784000.0,VND,,,,Áo
Áo Khoác Vải Denim Dáng Ngắn | Indigo,784000.0,VND,,,,Áo
PUFFTECH Áo Khoác Chần Bông,980000.0,VND,,,,Áo
Quần Nỉ Dry | Kẻ Sọc,391000.0,VND,,,,Quần
Áo Khoác Nỉ Dry Kéo Khóa,489000.0,VND,,,,Áo
Áo Len Merino Cổ Tròn,686000.0,VND,,,,Áo
AIRism Áo Thun Vải Cotton | Kẻ Sọc,293000.0,VND,4.0,1.0,3.0,Áo
AIRism Áo Thun Vải Cotton,293000.0,VND,4.0,1.0,4.0,Áo
TRẺ EM QUẦN SHORT,293000.0,VND,,,,Quần
Quần Shorts Gear,293000.0,VND,,,,Quần
Đầm Tay Xòe,391000.0,VND,,,,Đầm
HEATTECH Tất Giữ Nhiệt | 2 Đôi,195000.0,VND,,,,Tất
HEATTECH Mũ Lưỡi Trai Len,391000.0,VND,,,,Nón/Mũ
Áo Thun Dry Cổ Tròn | Xếp Nếp,195000.0,VND,,,,Áo
